{"node": "raspberrypi", "ratioCalTime": 93.74913740747334, "Type": "Python", "Second": 1, "algoritme": "pixeltransform", "fps": 1, "resolution": 176}
{"node": "raspberrypi", "ratioCalTime": 93.74913740747334, "Type": "Python", "Second": 2, "algoritme": "pixeltransform", "fps": 1, "resolution": 176}
{"node": "raspberrypi", "ratioCalTime": 93.74913740747334, "Type": "Python", "Second": 3, "algoritme": "pixeltransform", "fps": 1, "resolution": 176}
{"node": "raspberrypi", "ratioCalTime": 93.74913740747334, "Type": "Python", "Second": 4, "algoritme": "pixeltransform", "fps": 1, "resolution": 176}
{"node": "raspberrypi", "ratioCalTime": 93.74913740747334, "Type": "Python", "Second": 5, "algoritme": "pixeltransform", "fps": 1, "resolution": 176}
{"node": "raspberrypi", "ratioCalTime": 93.74913740747334, "Type": "Python", "Second": 6, "algoritme": "pixeltransform", "fps": 1, "resolution": 176}
{"node": "raspberrypi", "ratioCalTime": 93.74913740747334, "Type": "Python", "Second": 7, "algoritme": "pixeltransform", "fps": 1, "resolution": 176}
