{"node": "udoo", "ratioCalTime": 97.54438084993924, "Type": "Python", "Second": 1, "algoritme": "pixeltransform", "fps": 1, "resolution": 176}
{"node": "udoo", "ratioCalTime": 97.54438084993924, "Type": "Python", "Second": 2, "algoritme": "pixeltransform", "fps": 1, "resolution": 176}
{"node": "udoo", "ratioCalTime": 97.54438084993924, "Type": "Python", "Second": 3, "algoritme": "pixeltransform", "fps": 1, "resolution": 176}
{"node": "udoo", "ratioCalTime": 97.54438084993924, "Type": "Python", "Second": 4, "algoritme": "pixeltransform", "fps": 1, "resolution": 176}
{"node": "udoo", "ratioCalTime": 97.54438084993924, "Type": "Python", "Second": 5, "algoritme": "pixeltransform", "fps": 1, "resolution": 176}
