{"resolution": 640, "Second": 1, "Type": "Python", "algoritme": "Facedetection_python", "fps": 11}
{"resolution": 640, "Second": 2, "Type": "Python", "algoritme": "Facedetection_python", "fps": 14}
{"resolution": 640, "Second": 3, "Type": "Python", "algoritme": "Facedetection_python", "fps": 16}
{"resolution": 640, "Second": 4, "Type": "Python", "algoritme": "Facedetection_python", "fps": 15}
{"resolution": 640, "Second": 5, "Type": "Python", "algoritme": "Facedetection_python", "fps": 15}
{"resolution": 640, "Second": 6, "Type": "Python", "algoritme": "Facedetection_python", "fps": 15}
{"resolution": 640, "Second": 7, "Type": "Python", "algoritme": "Facedetection_python", "fps": 15}
{"resolution": 640, "Second": 8, "Type": "Python", "algoritme": "Facedetection_python", "fps": 15}
{"resolution": 640, "Second": 9, "Type": "Python", "algoritme": "Facedetection_python", "fps": 15}
{"resolution": 640, "Second": 10, "Type": "Python", "algoritme": "Facedetection_python", "fps": 15}
{"resolution": 640, "Second": 11, "Type": "Python", "algoritme": "Facedetection_python", "fps": 15}
{"resolution": 640, "Second": 12, "Type": "Python", "algoritme": "Facedetection_python", "fps": 15}
{"resolution": 640, "Second": 13, "Type": "Python", "algoritme": "Facedetection_python", "fps": 15}
{"resolution": 640, "Second": 14, "Type": "Python", "algoritme": "Facedetection_python", "fps": 15}
{"resolution": 640, "Second": 15, "Type": "Python", "algoritme": "Facedetection_python", "fps": 16}
{"resolution": 640, "Second": 16, "Type": "Python", "algoritme": "Facedetection_python", "fps": 15}
{"resolution": 640, "Second": 17, "Type": "Python", "algoritme": "Facedetection_python", "fps": 15}
{"resolution": 640, "Second": 18, "Type": "Python", "algoritme": "Facedetection_python", "fps": 14}
{"resolution": 640, "Second": 19, "Type": "Python", "algoritme": "Facedetection_python", "fps": 16}
