{"resolution": 320, "Second": 1, "Type": "Python", "algoritme": "pixeltransform", "fps": 1}
{"resolution": 320, "Second": 2, "Type": "Python", "algoritme": "pixeltransform", "fps": 1}
{"resolution": 320, "Second": 3, "Type": "Python", "algoritme": "pixeltransform", "fps": 1}
{"resolution": 320, "Second": 4, "Type": "Python", "algoritme": "pixeltransform", "fps": 1}
{"resolution": 320, "Second": 5, "Type": "Python", "algoritme": "pixeltransform", "fps": 1}
{"resolution": 320, "Second": 6, "Type": "Python", "algoritme": "pixeltransform", "fps": 1}
{"resolution": 320, "Second": 7, "Type": "Python", "algoritme": "pixeltransform", "fps": 1}
