{"resolution": 144, "Second": 1, "Type": "Python", "algoritme": "Convolution_python", "fps": 19}
{"resolution": 144, "Second": 2, "Type": "Python", "algoritme": "Convolution_python", "fps": 15}
{"resolution": 144, "Second": 3, "Type": "Python", "algoritme": "Convolution_python", "fps": 15}
{"resolution": 144, "Second": 4, "Type": "Python", "algoritme": "Convolution_python", "fps": 15}
{"resolution": 144, "Second": 5, "Type": "Python", "algoritme": "Convolution_python", "fps": 15}
{"resolution": 144, "Second": 6, "Type": "Python", "algoritme": "Convolution_python", "fps": 15}
{"resolution": 144, "Second": 7, "Type": "Python", "algoritme": "Convolution_python", "fps": 15}
{"resolution": 144, "Second": 8, "Type": "Python", "algoritme": "Convolution_python", "fps": 15}
{"resolution": 144, "Second": 9, "Type": "Python", "algoritme": "Convolution_python", "fps": 15}
{"resolution": 144, "Second": 10, "Type": "Python", "algoritme": "Convolution_python", "fps": 15}
{"resolution": 144, "Second": 11, "Type": "Python", "algoritme": "Convolution_python", "fps": 15}
{"resolution": 144, "Second": 12, "Type": "Python", "algoritme": "Convolution_python", "fps": 15}
{"resolution": 144, "Second": 13, "Type": "Python", "algoritme": "Convolution_python", "fps": 15}
{"resolution": 144, "Second": 14, "Type": "Python", "algoritme": "Convolution_python", "fps": 15}
{"resolution": 144, "Second": 15, "Type": "Python", "algoritme": "Convolution_python", "fps": 16}
{"resolution": 144, "Second": 16, "Type": "Python", "algoritme": "Convolution_python", "fps": 15}
