{"resolution": 144, "Second": 1, "Type": "Python", "algoritme": "Convolution_python", "fps": 12}
{"resolution": 144, "Second": 2, "Type": "Python", "algoritme": "Convolution_python", "fps": 15}
{"resolution": 144, "Second": 3, "Type": "Python", "algoritme": "Convolution_python", "fps": 15}
{"resolution": 144, "Second": 4, "Type": "Python", "algoritme": "Convolution_python", "fps": 15}
{"resolution": 144, "Second": 5, "Type": "Python", "algoritme": "Convolution_python", "fps": 14}
{"resolution": 144, "Second": 6, "Type": "Python", "algoritme": "Convolution_python", "fps": 15}
