{"machine": "armv7l", "bits": "32bit", "os": "Linux", "node": "odroid", "cores": 8}
{"node": "odroid", "Temp": {}, "counter": 0, "percent_cpu": [0.0, 0.0, 0.0, 0.0, 1.0, 0.0, 13.0, 0.0], "Current": 0.688, "algoritme": "before", "time": "2018-08-22 01:18:38", "resulotion": 0}
{"node": "odroid", "Temp": {}, "counter": 1, "percent_cpu": [0.0, 0.0, 0.0, 0.0, 1.0, 0.0, 0.0, 0.0], "Current": 0.684, "algoritme": "before", "time": "2018-08-22 01:18:39", "resulotion": 0}
{"node": "odroid", "Temp": {}, "counter": 2, "percent_cpu": [0.0, 0.0, 0.0, 0.0, 0.0, 0.0, 0.0, 0.0], "Current": 0.684, "algoritme": "before", "time": "2018-08-22 01:18:40", "resulotion": 0}
{"node": "odroid", "Temp": {}, "counter": 3, "percent_cpu": [0.0, 0.0, 0.0, 0.0, 0.0, 0.0, 0.0, 0.0], "Current": 0.685, "algoritme": "before", "time": "2018-08-22 01:18:41", "resulotion": 0}
{"node": "odroid", "Temp": {}, "counter": 4, "percent_cpu": [0.0, 0.0, 0.0, 0.0, 1.0, 0.0, 0.0, 0.0], "Current": 0.685, "algoritme": "before", "time": "2018-08-22 01:18:42", "resulotion": 0}
{"node": "odroid", "Temp": {}, "counter": 0, "percent_cpu": [1.0, 0.0, 0.0, 0.0, 6.1, 49.0, 18.8, 0.0], "Current": 1.095, "algoritme": "facedetection_python", "time": "2018-08-22 01:18:43", "resulotion": 144}
{"node": "odroid", "Temp": {}, "counter": 1, "percent_cpu": [4.9, 0.0, 0.0, 0.0, 8.2, 11.1, 6.0, 3.0], "Current": 1.008, "algoritme": "facedetection_python", "time": "2018-08-22 01:18:45", "resulotion": 144}
{"node": "odroid", "Temp": {}, "counter": 2, "percent_cpu": [1.0, 0.0, 0.0, 0.0, 0.0, 6.0, 3.0, 3.0], "Current": 0.933, "algoritme": "facedetection_python", "time": "2018-08-22 01:18:46", "resulotion": 144}
{"node": "odroid", "Temp": {}, "counter": 3, "percent_cpu": [2.0, 0.0, 0.0, 0.0, 3.1, 7.0, 2.0, 4.0], "Current": 0.904, "algoritme": "facedetection_python", "time": "2018-08-22 01:18:47", "resulotion": 144}
{"node": "odroid", "Temp": {}, "counter": 4, "percent_cpu": [2.0, 0.0, 0.0, 0.0, 2.0, 7.0, 4.0, 2.0], "Current": 0.902, "algoritme": "facedetection_python", "time": "2018-08-22 01:18:48", "resulotion": 144}
{"node": "odroid", "Temp": {}, "counter": 5, "percent_cpu": [2.0, 0.0, 0.0, 0.0, 1.0, 6.9, 1.0, 5.0], "Current": 0.923, "algoritme": "facedetection_python", "time": "2018-08-22 01:18:49", "resulotion": 144}
{"node": "odroid", "Temp": {}, "counter": 6, "percent_cpu": [1.0, 0.0, 0.0, 0.0, 2.0, 6.0, 3.0, 4.0], "Current": 0.929, "algoritme": "facedetection_python", "time": "2018-08-22 01:18:50", "resulotion": 144}
{"node": "odroid", "Temp": {}, "counter": 7, "percent_cpu": [2.0, 0.0, 0.0, 0.0, 2.1, 3.1, 4.9, 2.0], "Current": 0.906, "algoritme": "facedetection_python", "time": "2018-08-22 01:18:52", "resulotion": 144}
{"node": "odroid", "Temp": {}, "counter": 8, "percent_cpu": [2.0, 0.0, 0.0, 0.0, 0.0, 5.9, 3.0, 3.0], "Current": 0.892, "algoritme": "facedetection_python", "time": "2018-08-22 01:18:53", "resulotion": 144}
{"node": "odroid", "Temp": {}, "counter": 9, "percent_cpu": [1.0, 0.0, 0.0, 0.0, 2.0, 5.9, 3.0, 3.0], "Current": 0.898, "algoritme": "facedetection_python", "time": "2018-08-22 01:18:54", "resulotion": 144}
{"node": "odroid", "Temp": {}, "counter": 10, "percent_cpu": [2.0, 0.0, 0.0, 0.0, 0.0, 5.9, 5.0, 1.0], "Current": 0.902, "algoritme": "facedetection_python", "time": "2018-08-22 01:18:55", "resulotion": 144}
{"node": "odroid", "Temp": {}, "counter": 11, "percent_cpu": [1.0, 0.0, 0.0, 0.0, 0.0, 5.9, 5.0, 2.0], "Current": 0.929, "algoritme": "facedetection_python", "time": "2018-08-22 01:18:56", "resulotion": 144}
{"node": "odroid", "Temp": {}, "counter": 12, "percent_cpu": [1.0, 0.0, 0.0, 0.0, 0.0, 6.0, 5.9, 0.0], "Current": 0.926, "algoritme": "facedetection_python", "time": "2018-08-22 01:18:57", "resulotion": 144}
{"node": "odroid", "Temp": {}, "counter": 13, "percent_cpu": [1.0, 0.0, 0.0, 0.0, 0.0, 5.9, 5.9, 4.0], "Current": 0.906, "algoritme": "facedetection_python", "time": "2018-08-22 01:18:59", "resulotion": 144}
{"node": "odroid", "Temp": {}, "counter": 14, "percent_cpu": [0.0, 0.0, 0.0, 0.0, 2.0, 5.0, 6.0, 1.0], "Current": 0.936, "algoritme": "facedetection_python", "time": "2018-08-22 01:19:00", "resulotion": 144}
{"node": "odroid", "Temp": {}, "counter": 15, "percent_cpu": [1.0, 0.0, 0.0, 0.0, 1.0, 1.0, 5.9, 5.0], "Current": 0.884, "algoritme": "facedetection_python", "time": "2018-08-22 01:19:01", "resulotion": 144}
{"node": "odroid", "Temp": {}, "counter": 16, "percent_cpu": [1.0, 0.0, 0.0, 0.0, 0.0, 2.0, 0.0, 5.9], "Current": 0.891, "algoritme": "facedetection_python", "time": "2018-08-22 01:19:02", "resulotion": 144}
{"node": "odroid", "Temp": {}, "counter": 17, "percent_cpu": [1.0, 0.0, 0.0, 0.0, 0.0, 0.0, 0.0, 5.9], "Current": 0.888, "algoritme": "facedetection_python", "time": "2018-08-22 01:19:03", "resulotion": 144}
{"node": "odroid", "Temp": {}, "counter": 18, "percent_cpu": [3.0, 0.0, 0.0, 0.0, 5.0, 5.9, 1.0, 1.0], "Current": 0.741, "algoritme": "facedetection_python", "time": "2018-08-22 01:19:04", "resulotion": 144}
{"node": "odroid", "Temp": {}, "counter": 0, "percent_cpu": [0.0, 0.0, 0.0, 0.0, 1.0, 0.0, 0.0, 0.0], "Current": 0.725, "algoritme": "after", "time": "2018-08-22 01:19:06", "resulotion": 0}
{"node": "odroid", "Temp": {}, "counter": 1, "percent_cpu": [0.0, 0.0, 0.0, 0.0, 0.0, 0.0, 0.0, 0.0], "Current": 0.685, "algoritme": "after", "time": "2018-08-22 01:19:07", "resulotion": 0}
{"node": "odroid", "Temp": {}, "counter": 2, "percent_cpu": [1.0, 0.0, 0.0, 0.0, 0.0, 0.0, 0.0, 0.0], "Current": 0.687, "algoritme": "after", "time": "2018-08-22 01:19:08", "resulotion": 0}
{"node": "odroid", "Temp": {}, "counter": 3, "percent_cpu": [0.0, 0.0, 0.0, 0.0, 0.0, 0.0, 0.0, 0.0], "Current": 0.683, "algoritme": "after", "time": "2018-08-22 01:19:09", "resulotion": 0}
{"node": "odroid", "Temp": {}, "counter": 4, "percent_cpu": [0.0, 0.0, 0.0, 0.0, 1.0, 0.0, 0.0, 0.0], "Current": 0.683, "algoritme": "after", "time": "2018-08-22 01:19:10", "resulotion": 0}
{"node": "odroid", "Temp": {}, "counter": 0, "percent_cpu": [0.0, 0.0, 0.0, 0.0, 0.0, 0.0, 0.0, 0.0], "Current": 0.687, "algoritme": "before", "time": "2018-08-22 01:19:12", "resulotion": 0}
{"node": "odroid", "Temp": {}, "counter": 1, "percent_cpu": [0.0, 0.0, 0.0, 0.0, 0.0, 0.0, 0.0, 0.0], "Current": 0.685, "algoritme": "before", "time": "2018-08-22 01:19:13", "resulotion": 0}
{"node": "odroid", "Temp": {}, "counter": 2, "percent_cpu": [0.0, 0.0, 0.0, 0.0, 0.0, 0.0, 0.0, 0.0], "Current": 0.674, "algoritme": "before", "time": "2018-08-22 01:19:14", "resulotion": 0}
{"node": "odroid", "Temp": {}, "counter": 3, "percent_cpu": [0.0, 0.0, 0.0, 0.0, 1.0, 0.0, 0.0, 0.0], "Current": 0.686, "algoritme": "before", "time": "2018-08-22 01:19:15", "resulotion": 0}
{"node": "odroid", "Temp": {}, "counter": 4, "percent_cpu": [0.0, 0.0, 0.0, 0.0, 1.0, 0.0, 0.0, 0.0], "Current": 0.672, "algoritme": "before", "time": "2018-08-22 01:19:16", "resulotion": 0}
{"node": "odroid", "Temp": {}, "counter": 0, "percent_cpu": [1.0, 0.0, 0.0, 0.0, 51.0, 3.0, 12.0, 0.0], "Current": 0.761, "algoritme": "facedetection_python", "time": "2018-08-22 01:19:17", "resulotion": 320}
{"node": "odroid", "Temp": {}, "counter": 1, "percent_cpu": [20.8, 18.2, 16.8, 1.0, 11.0, 10.9, 7.0, 6.1], "Current": 1.1, "algoritme": "facedetection_python", "time": "2018-08-22 01:19:19", "resulotion": 320}
{"node": "odroid", "Temp": {}, "counter": 2, "percent_cpu": [24.0, 12.0, 17.8, 1.0, 8.1, 9.9, 7.1, 9.0], "Current": 1.041, "algoritme": "facedetection_python", "time": "2018-08-22 01:19:20", "resulotion": 320}
{"node": "odroid", "Temp": {}, "counter": 3, "percent_cpu": [19.2, 11.8, 18.6, 1.0, 9.9, 8.1, 8.1, 9.9], "Current": 1.244, "algoritme": "facedetection_python", "time": "2018-08-22 01:19:21", "resulotion": 320}
{"node": "odroid", "Temp": {}, "counter": 4, "percent_cpu": [19.4, 16.0, 17.8, 0.0, 12.5, 6.2, 7.0, 9.8], "Current": 1.001, "algoritme": "facedetection_python", "time": "2018-08-22 01:19:22", "resulotion": 320}
{"node": "odroid", "Temp": {}, "counter": 5, "percent_cpu": [18.8, 22.0, 17.8, 1.0, 9.0, 9.9, 6.9, 6.1], "Current": 1.204, "algoritme": "facedetection_python", "time": "2018-08-22 01:19:23", "resulotion": 320}
{"node": "odroid", "Temp": {}, "counter": 6, "percent_cpu": [18.8, 22.8, 18.8, 0.0, 8.1, 8.9, 5.9, 6.1], "Current": 1.044, "algoritme": "facedetection_python", "time": "2018-08-22 01:19:24", "resulotion": 320}
{"node": "odroid", "Temp": {}, "counter": 7, "percent_cpu": [23.8, 25.0, 16.8, 0.0, 9.0, 9.8, 5.9, 6.1], "Current": 1.006, "algoritme": "facedetection_python", "time": "2018-08-22 01:19:26", "resulotion": 320}
{"node": "odroid", "Temp": {}, "counter": 8, "percent_cpu": [18.4, 18.8, 19.0, 1.0, 10.8, 7.1, 5.0, 7.0], "Current": 1.184, "algoritme": "facedetection_python", "time": "2018-08-22 01:19:27", "resulotion": 320}
{"node": "odroid", "Temp": {}, "counter": 9, "percent_cpu": [20.0, 20.2, 19.0, 2.0, 9.0, 7.1, 5.0, 6.0], "Current": 1.076, "algoritme": "facedetection_python", "time": "2018-08-22 01:19:28", "resulotion": 320}
{"node": "odroid", "Temp": {}, "counter": 10, "percent_cpu": [21.0, 18.2, 12.2, 0.0, 9.1, 8.0, 6.0, 7.1], "Current": 1.055, "algoritme": "facedetection_python", "time": "2018-08-22 01:19:29", "resulotion": 320}
{"node": "odroid", "Temp": {}, "counter": 11, "percent_cpu": [19.4, 16.8, 12.2, 0.0, 10.8, 6.1, 6.9, 10.8], "Current": 1.121, "algoritme": "facedetection_python", "time": "2018-08-22 01:19:30", "resulotion": 320}
{"node": "odroid", "Temp": {}, "counter": 12, "percent_cpu": [18.4, 17.6, 15.2, 0.0, 10.8, 8.0, 5.9, 8.0], "Current": 1.076, "algoritme": "facedetection_python", "time": "2018-08-22 01:19:32", "resulotion": 320}
{"node": "odroid", "Temp": {}, "counter": 13, "percent_cpu": [12.0, 17.0, 23.5, 1.0, 8.1, 7.1, 5.0, 6.0], "Current": 1.091, "algoritme": "facedetection_python", "time": "2018-08-22 01:19:33", "resulotion": 320}
{"node": "odroid", "Temp": {}, "counter": 14, "percent_cpu": [22.2, 12.0, 16.0, 0.0, 9.9, 8.0, 8.0, 10.0], "Current": 1.014, "algoritme": "facedetection_python", "time": "2018-08-22 01:19:34", "resulotion": 320}
{"node": "odroid", "Temp": {}, "counter": 15, "percent_cpu": [23.2, 14.6, 16.8, 1.0, 8.1, 8.9, 9.0, 8.1], "Current": 1.159, "algoritme": "facedetection_python", "time": "2018-08-22 01:19:35", "resulotion": 320}
{"node": "odroid", "Temp": {}, "counter": 16, "percent_cpu": [19.8, 14.1, 16.0, 3.9, 7.1, 10.1, 7.1, 8.9], "Current": 1.187, "algoritme": "facedetection_python", "time": "2018-08-22 01:19:36", "resulotion": 320}
{"node": "odroid", "Temp": {}, "counter": 17, "percent_cpu": [12.2, 16.0, 14.0, 1.0, 10.4, 12.2, 8.0, 11.8], "Current": 1.121, "algoritme": "facedetection_python", "time": "2018-08-22 01:19:37", "resulotion": 320}
{"node": "odroid", "Temp": {}, "counter": 0, "percent_cpu": [0.0, 0.0, 0.0, 0.0, 1.0, 0.0, 1.0, 0.0], "Current": 0.75, "algoritme": "after", "time": "2018-08-22 01:19:38", "resulotion": 0}
{"node": "odroid", "Temp": {}, "counter": 1, "percent_cpu": [0.0, 0.0, 0.0, 0.0, 2.9, 1.0, 0.0, 0.0], "Current": 0.742, "algoritme": "after", "time": "2018-08-22 01:19:40", "resulotion": 0}
{"node": "odroid", "Temp": {}, "counter": 2, "percent_cpu": [1.0, 0.0, 0.0, 0.0, 1.0, 0.0, 0.0, 0.0], "Current": 0.69, "algoritme": "after", "time": "2018-08-22 01:19:41", "resulotion": 0}
{"node": "odroid", "Temp": {}, "counter": 3, "percent_cpu": [0.0, 0.0, 0.0, 0.0, 0.0, 0.0, 0.0, 0.0], "Current": 0.688, "algoritme": "after", "time": "2018-08-22 01:19:42", "resulotion": 0}
{"node": "odroid", "Temp": {}, "counter": 4, "percent_cpu": [0.0, 0.0, 0.0, 0.0, 0.0, 0.0, 0.0, 0.0], "Current": 0.684, "algoritme": "after", "time": "2018-08-22 01:19:43", "resulotion": 0}
{"node": "odroid", "Temp": {}, "counter": 0, "percent_cpu": [0.0, 0.0, 0.0, 0.0, 0.0, 0.0, 0.0, 0.0], "Current": 0.686, "algoritme": "before", "time": "2018-08-22 01:19:44", "resulotion": 0}
{"node": "odroid", "Temp": {}, "counter": 1, "percent_cpu": [0.0, 0.0, 0.0, 0.0, 1.0, 0.0, 0.0, 0.0], "Current": 0.686, "algoritme": "before", "time": "2018-08-22 01:19:46", "resulotion": 0}
{"node": "odroid", "Temp": {}, "counter": 2, "percent_cpu": [0.0, 0.0, 0.0, 0.0, 0.0, 0.0, 0.0, 0.0], "Current": 0.689, "algoritme": "before", "time": "2018-08-22 01:19:47", "resulotion": 0}
{"node": "odroid", "Temp": {}, "counter": 3, "percent_cpu": [1.0, 0.0, 0.0, 0.0, 0.0, 0.0, 0.0, 0.0], "Current": 0.687, "algoritme": "before", "time": "2018-08-22 01:19:48", "resulotion": 0}
{"node": "odroid", "Temp": {}, "counter": 4, "percent_cpu": [0.0, 0.0, 0.0, 0.0, 2.0, 0.0, 0.0, 0.0], "Current": 0.687, "algoritme": "before", "time": "2018-08-22 01:19:49", "resulotion": 0}
{"node": "odroid", "Temp": {}, "counter": 0, "percent_cpu": [1.0, 0.0, 0.0, 0.0, 3.0, 13.0, 50.0, 0.0], "Current": 0.859, "algoritme": "facedetection_python", "time": "2018-08-22 01:19:50", "resulotion": 640}
{"node": "odroid", "Temp": {}, "counter": 1, "percent_cpu": [48.5, 37.0, 37.6, 25.0, 34.3, 40.6, 35.6, 32.0], "Current": 1.572, "algoritme": "facedetection_python", "time": "2018-08-22 01:19:51", "resulotion": 640}
{"node": "odroid", "Temp": {}, "counter": 2, "percent_cpu": [48.0, 48.5, 42.6, 20.0, 25.5, 41.0, 35.6, 34.0], "Current": 1.708, "algoritme": "facedetection_python", "time": "2018-08-22 01:19:53", "resulotion": 640}
{"node": "odroid", "Temp": {}, "counter": 3, "percent_cpu": [43.9, 43.4, 39.0, 19.0, 24.2, 37.1, 34.0, 33.7], "Current": 1.708, "algoritme": "facedetection_python", "time": "2018-08-22 01:19:54", "resulotion": 640}
{"node": "odroid", "Temp": {}, "counter": 4, "percent_cpu": [50.5, 44.0, 39.6, 23.0, 26.0, 36.6, 35.9, 35.2], "Current": 1.445, "algoritme": "facedetection_python", "time": "2018-08-22 01:19:55", "resulotion": 640}
{"node": "odroid", "Temp": {}, "counter": 5, "percent_cpu": [43.9, 38.4, 43.4, 23.0, 26.5, 40.8, 36.5, 36.2], "Current": 1.653, "algoritme": "facedetection_python", "time": "2018-08-22 01:19:56", "resulotion": 640}
{"node": "odroid", "Temp": {}, "counter": 6, "percent_cpu": [40.8, 39.2, 41.2, 21.2, 27.1, 39.8, 32.7, 34.3], "Current": 1.832, "algoritme": "facedetection_python", "time": "2018-08-22 01:19:57", "resulotion": 640}
{"node": "odroid", "Temp": {}, "counter": 7, "percent_cpu": [43.0, 44.0, 38.0, 35.6, 26.8, 38.5, 34.9, 34.0], "Current": 1.652, "algoritme": "facedetection_python", "time": "2018-08-22 01:19:58", "resulotion": 640}
{"node": "odroid", "Temp": {}, "counter": 8, "percent_cpu": [43.4, 45.0, 40.2, 24.0, 27.1, 40.2, 35.0, 34.3], "Current": 1.708, "algoritme": "facedetection_python", "time": "2018-08-22 01:20:00", "resulotion": 640}
{"node": "odroid", "Temp": {}, "counter": 9, "percent_cpu": [43.3, 36.0, 31.0, 22.2, 27.8, 37.9, 34.0, 29.5], "Current": 1.658, "algoritme": "facedetection_python", "time": "2018-08-22 01:20:01", "resulotion": 640}
{"node": "odroid", "Temp": {}, "counter": 10, "percent_cpu": [45.5, 33.3, 30.0, 22.0, 26.8, 41.0, 34.6, 29.2], "Current": 1.763, "algoritme": "facedetection_python", "time": "2018-08-22 01:20:02", "resulotion": 640}
{"node": "odroid", "Temp": {}, "counter": 11, "percent_cpu": [46.0, 49.0, 46.6, 6.1, 26.0, 34.7, 35.6, 31.4], "Current": 1.691, "algoritme": "facedetection_python", "time": "2018-08-22 01:20:03", "resulotion": 640}
{"node": "odroid", "Temp": {}, "counter": 12, "percent_cpu": [47.0, 35.0, 32.4, 10.0, 23.4, 45.3, 35.2, 27.6], "Current": 1.684, "algoritme": "facedetection_python", "time": "2018-08-22 01:20:04", "resulotion": 640}
{"node": "odroid", "Temp": {}, "counter": 13, "percent_cpu": [49.0, 34.0, 35.6, 11.0, 26.0, 43.1, 36.5, 30.8], "Current": 1.682, "algoritme": "facedetection_python", "time": "2018-08-22 01:20:05", "resulotion": 640}
{"node": "odroid", "Temp": {}, "counter": 14, "percent_cpu": [45.9, 43.0, 37.0, 26.0, 24.2, 38.5, 34.0, 34.6], "Current": 1.405, "algoritme": "facedetection_python", "time": "2018-08-22 01:20:07", "resulotion": 640}
{"node": "odroid", "Temp": {}, "counter": 15, "percent_cpu": [44.3, 40.8, 38.2, 25.5, 25.8, 39.4, 34.3, 34.3], "Current": 1.593, "algoritme": "facedetection_python", "time": "2018-08-22 01:20:08", "resulotion": 640}
{"node": "odroid", "Temp": {}, "counter": 16, "percent_cpu": [52.5, 32.3, 31.0, 10.0, 23.2, 47.1, 37.5, 32.1], "Current": 1.811, "algoritme": "facedetection_python", "time": "2018-08-22 01:20:09", "resulotion": 640}
{"node": "odroid", "Temp": {}, "counter": 17, "percent_cpu": [43.0, 26.5, 33.7, 25.0, 26.0, 41.3, 34.3, 32.1], "Current": 1.579, "algoritme": "facedetection_python", "time": "2018-08-22 01:20:10", "resulotion": 640}
{"node": "odroid", "Temp": {}, "counter": 0, "percent_cpu": [0.0, 0.0, 0.0, 0.0, 0.0, 0.0, 0.0, 0.0], "Current": 0.832, "algoritme": "after", "time": "2018-08-22 01:20:11", "resulotion": 0}
{"node": "odroid", "Temp": {}, "counter": 1, "percent_cpu": [0.0, 0.0, 0.0, 0.0, 1.0, 0.0, 0.0, 0.0], "Current": 0.693, "algoritme": "after", "time": "2018-08-22 01:20:12", "resulotion": 0}
{"node": "odroid", "Temp": {}, "counter": 2, "percent_cpu": [0.0, 0.0, 0.0, 0.0, 1.0, 0.0, 0.0, 0.0], "Current": 0.689, "algoritme": "after", "time": "2018-08-22 01:20:14", "resulotion": 0}
{"node": "odroid", "Temp": {}, "counter": 3, "percent_cpu": [0.0, 0.0, 0.0, 0.0, 1.0, 0.0, 0.0, 0.0], "Current": 0.684, "algoritme": "after", "time": "2018-08-22 01:20:15", "resulotion": 0}
{"node": "odroid", "Temp": {}, "counter": 4, "percent_cpu": [0.0, 0.0, 0.0, 0.0, 0.0, 0.0, 0.0, 0.0], "Current": 0.681, "algoritme": "after", "time": "2018-08-22 01:20:16", "resulotion": 0}
{"node": "odroid", "Temp": {}, "counter": 0, "percent_cpu": [0.0, 0.0, 0.0, 0.0, 0.0, 0.0, 0.0, 0.0], "Current": 0.68, "algoritme": "before", "time": "2018-08-22 01:20:17", "resulotion": 0}
{"node": "odroid", "Temp": {}, "counter": 1, "percent_cpu": [0.0, 0.0, 0.0, 0.0, 1.0, 0.0, 0.0, 0.0], "Current": 0.681, "algoritme": "before", "time": "2018-08-22 01:20:18", "resulotion": 0}
{"node": "odroid", "Temp": {}, "counter": 2, "percent_cpu": [0.0, 0.0, 0.0, 0.0, 0.0, 0.0, 0.0, 0.0], "Current": 0.679, "algoritme": "before", "time": "2018-08-22 01:20:19", "resulotion": 0}
{"node": "odroid", "Temp": {}, "counter": 3, "percent_cpu": [0.0, 0.0, 0.0, 0.0, 0.0, 0.0, 0.0, 0.0], "Current": 0.678, "algoritme": "before", "time": "2018-08-22 01:20:21", "resulotion": 0}
{"node": "odroid", "Temp": {}, "counter": 4, "percent_cpu": [0.0, 0.0, 0.0, 0.0, 0.0, 0.0, 0.0, 0.0], "Current": 0.679, "algoritme": "before", "time": "2018-08-22 01:20:22", "resulotion": 0}
{"node": "odroid", "Temp": {}, "counter": 0, "percent_cpu": [2.0, 0.0, 0.0, 0.0, 3.0, 12.1, 49.0, 0.0], "Current": 0.931, "algoritme": "facedetection_python", "time": "2018-08-22 01:20:23", "resulotion": 960}
{"node": "odroid", "Temp": {}, "counter": 1, "percent_cpu": [42.9, 33.7, 36.6, 16.7, 36.7, 42.0, 44.1, 31.3], "Current": 1.787, "algoritme": "facedetection_python", "time": "2018-08-22 01:20:24", "resulotion": 960}
{"node": "odroid", "Temp": {}, "counter": 2, "percent_cpu": [44.9, 32.7, 33.3, 12.9, 34.6, 41.0, 34.3, 32.0], "Current": 1.626, "algoritme": "facedetection_python", "time": "2018-08-22 01:20:25", "resulotion": 960}
{"node": "odroid", "Temp": {}, "counter": 3, "percent_cpu": [48.0, 34.3, 35.4, 23.2, 29.7, 40.0, 37.0, 29.7], "Current": 1.574, "algoritme": "facedetection_python", "time": "2018-08-22 01:20:26", "resulotion": 960}
{"node": "odroid", "Temp": {}, "counter": 4, "percent_cpu": [48.5, 24.7, 33.0, 24.2, 31.1, 41.0, 35.0, 27.6], "Current": 1.458, "algoritme": "facedetection_python", "time": "2018-08-22 01:20:27", "resulotion": 960}
{"node": "odroid", "Temp": {}, "counter": 5, "percent_cpu": [48.0, 27.3, 31.6, 21.2, 29.0, 40.4, 36.6, 29.3], "Current": 1.685, "algoritme": "facedetection_python", "time": "2018-08-22 01:20:29", "resulotion": 960}
{"node": "odroid", "Temp": {}, "counter": 6, "percent_cpu": [48.0, 28.9, 32.3, 25.3, 30.8, 41.6, 36.4, 25.5], "Current": 1.614, "algoritme": "facedetection_python", "time": "2018-08-22 01:20:30", "resulotion": 960}
{"node": "odroid", "Temp": {}, "counter": 7, "percent_cpu": [45.5, 30.3, 34.7, 27.3, 30.8, 42.2, 33.7, 28.0], "Current": 1.452, "algoritme": "facedetection_python", "time": "2018-08-22 01:20:31", "resulotion": 960}
{"node": "odroid", "Temp": {}, "counter": 8, "percent_cpu": [45.1, 32.3, 34.7, 18.2, 30.7, 42.2, 33.3, 32.0], "Current": 1.814, "algoritme": "facedetection_python", "time": "2018-08-22 01:20:32", "resulotion": 960}
{"node": "odroid", "Temp": {}, "counter": 9, "percent_cpu": [46.5, 30.3, 32.7, 28.3, 31.1, 41.0, 33.0, 24.7], "Current": 1.684, "algoritme": "facedetection_python", "time": "2018-08-22 01:20:33", "resulotion": 960}
{"node": "odroid", "Temp": {}, "counter": 10, "percent_cpu": [49.5, 38.1, 36.0, 4.0, 29.7, 44.6, 33.7, 30.6], "Current": 1.486, "algoritme": "facedetection_python", "time": "2018-08-22 01:20:34", "resulotion": 960}
{"node": "odroid", "Temp": {}, "counter": 11, "percent_cpu": [45.5, 35.7, 36.0, 12.0, 29.7, 42.0, 34.0, 29.2], "Current": 1.578, "algoritme": "facedetection_python", "time": "2018-08-22 01:20:36", "resulotion": 960}
{"node": "odroid", "Temp": {}, "counter": 12, "percent_cpu": [46.5, 36.7, 34.0, 12.0, 31.1, 42.0, 32.7, 30.3], "Current": 1.611, "algoritme": "facedetection_python", "time": "2018-08-22 01:20:37", "resulotion": 960}
{"node": "odroid", "Temp": {}, "counter": 13, "percent_cpu": [45.9, 37.0, 34.3, 9.0, 30.0, 41.4, 34.3, 32.3], "Current": 1.707, "algoritme": "facedetection_python", "time": "2018-08-22 01:20:38", "resulotion": 960}
{"node": "odroid", "Temp": {}, "counter": 14, "percent_cpu": [49.0, 34.3, 35.6, 14.1, 29.7, 43.4, 34.3, 31.3], "Current": 1.466, "algoritme": "facedetection_python", "time": "2018-08-22 01:20:39", "resulotion": 960}
{"node": "odroid", "Temp": {}, "counter": 15, "percent_cpu": [46.0, 38.4, 34.7, 11.9, 30.4, 40.8, 33.3, 30.3], "Current": 1.665, "algoritme": "facedetection_python", "time": "2018-08-22 01:20:40", "resulotion": 960}
{"node": "odroid", "Temp": {}, "counter": 16, "percent_cpu": [48.0, 35.6, 34.7, 4.0, 28.7, 40.4, 33.3, 34.0], "Current": 1.638, "algoritme": "facedetection_python", "time": "2018-08-22 01:20:42", "resulotion": 960}
{"node": "odroid", "Temp": {}, "counter": 17, "percent_cpu": [43.9, 26.5, 29.9, 20.2, 33.7, 39.6, 33.0, 26.3], "Current": 1.768, "algoritme": "facedetection_python", "time": "2018-08-22 01:20:43", "resulotion": 960}
{"node": "odroid", "Temp": {}, "counter": 0, "percent_cpu": [0.0, 0.0, 0.0, 0.0, 0.0, 0.0, 0.0, 0.0], "Current": 0.812, "algoritme": "after", "time": "2018-08-22 01:20:44", "resulotion": 0}
{"node": "odroid", "Temp": {}, "counter": 1, "percent_cpu": [0.0, 0.0, 0.0, 0.0, 0.0, 0.0, 0.0, 0.0], "Current": 0.73, "algoritme": "after", "time": "2018-08-22 01:20:45", "resulotion": 0}
{"node": "odroid", "Temp": {}, "counter": 2, "percent_cpu": [0.0, 0.0, 0.0, 0.0, 0.0, 0.0, 0.0, 0.0], "Current": 0.68, "algoritme": "after", "time": "2018-08-22 01:20:46", "resulotion": 0}
{"node": "odroid", "Temp": {}, "counter": 3, "percent_cpu": [0.0, 0.0, 0.0, 0.0, 1.0, 0.0, 0.0, 0.0], "Current": 0.681, "algoritme": "after", "time": "2018-08-22 01:20:47", "resulotion": 0}
{"node": "odroid", "Temp": {}, "counter": 4, "percent_cpu": [0.0, 0.0, 0.0, 0.0, 0.0, 0.0, 0.0, 0.0], "Current": 0.664, "algoritme": "after", "time": "2018-08-22 01:20:49", "resulotion": 0}
{"node": "odroid", "Temp": {}, "counter": 0, "percent_cpu": [0.0, 0.0, 0.0, 0.0, 0.0, 0.0, 0.0, 0.0], "Current": 0.676, "algoritme": "before", "time": "2018-08-22 01:20:50", "resulotion": 0}
{"node": "odroid", "Temp": {}, "counter": 1, "percent_cpu": [0.0, 0.0, 0.0, 0.0, 0.0, 0.0, 1.0, 0.0], "Current": 0.669, "algoritme": "before", "time": "2018-08-22 01:20:51", "resulotion": 0}
{"node": "odroid", "Temp": {}, "counter": 2, "percent_cpu": [1.0, 0.0, 0.0, 0.0, 0.0, 0.0, 0.0, 0.0], "Current": 0.681, "algoritme": "before", "time": "2018-08-22 01:20:52", "resulotion": 0}
{"node": "odroid", "Temp": {}, "counter": 3, "percent_cpu": [0.0, 0.0, 0.0, 0.0, 0.0, 0.0, 0.0, 0.0], "Current": 0.675, "algoritme": "before", "time": "2018-08-22 01:20:53", "resulotion": 0}
{"node": "odroid", "Temp": {}, "counter": 4, "percent_cpu": [0.0, 0.0, 0.0, 0.0, 0.0, 1.0, 0.0, 0.0], "Current": 0.674, "algoritme": "before", "time": "2018-08-22 01:20:54", "resulotion": 0}
{"node": "odroid", "Temp": {}, "counter": 0, "percent_cpu": [0.0, 0.0, 0.0, 0.0, 0.0, 13.0, 26.3, 0.0], "Current": 0.679, "algoritme": "Matrixmul", "time": "2018-08-22 01:20:56", "resulotion": 0}
{"node": "odroid", "Temp": {}, "counter": 0, "percent_cpu": [0.0, 0.0, 0.0, 0.0, 0.0, 0.0, 0.0, 0.0], "Current": 0.675, "algoritme": "after", "time": "2018-08-22 01:20:57", "resulotion": 0}
{"node": "odroid", "Temp": {}, "counter": 1, "percent_cpu": [0.0, 0.0, 0.0, 0.0, 0.0, 0.0, 0.0, 0.0], "Current": 0.675, "algoritme": "after", "time": "2018-08-22 01:20:58", "resulotion": 0}
{"node": "odroid", "Temp": {}, "counter": 2, "percent_cpu": [0.0, 0.0, 0.0, 0.0, 0.0, 0.0, 0.0, 0.0], "Current": 0.675, "algoritme": "after", "time": "2018-08-22 01:20:59", "resulotion": 0}
{"node": "odroid", "Temp": {}, "counter": 3, "percent_cpu": [0.0, 0.0, 0.0, 0.0, 0.0, 0.0, 0.0, 0.0], "Current": 0.674, "algoritme": "after", "time": "2018-08-22 01:21:00", "resulotion": 0}
{"node": "odroid", "Temp": {}, "counter": 4, "percent_cpu": [0.0, 0.0, 0.0, 0.0, 0.0, 2.0, 0.0, 0.0], "Current": 0.676, "algoritme": "after", "time": "2018-08-22 01:21:02", "resulotion": 0}
{"node": "odroid", "Temp": {}, "counter": 0, "percent_cpu": [0.0, 0.0, 0.0, 0.0, 0.0, 0.0, 0.0, 0.0], "Current": 0.674, "algoritme": "before", "time": "2018-08-22 01:21:03", "resulotion": 0}
{"node": "odroid", "Temp": {}, "counter": 1, "percent_cpu": [0.0, 0.0, 0.0, 0.0, 0.0, 0.0, 0.0, 0.0], "Current": 0.676, "algoritme": "before", "time": "2018-08-22 01:21:04", "resulotion": 0}
{"node": "odroid", "Temp": {}, "counter": 2, "percent_cpu": [0.0, 0.0, 0.0, 0.0, 1.0, 0.0, 0.0, 0.0], "Current": 0.676, "algoritme": "before", "time": "2018-08-22 01:21:05", "resulotion": 0}
{"node": "odroid", "Temp": {}, "counter": 3, "percent_cpu": [0.0, 0.0, 0.0, 0.0, 0.0, 0.0, 0.0, 0.0], "Current": 0.675, "algoritme": "before", "time": "2018-08-22 01:21:06", "resulotion": 0}
{"node": "odroid", "Temp": {}, "counter": 4, "percent_cpu": [0.0, 0.0, 0.0, 0.0, 0.0, 0.0, 1.0, 0.0], "Current": 0.674, "algoritme": "before", "time": "2018-08-22 01:21:07", "resulotion": 0}
{"node": "odroid", "Temp": {}, "counter": 0, "percent_cpu": [0.0, 0.0, 0.0, 0.0, 0.0, 11.0, 26.3, 0.0], "Current": 0.679, "algoritme": "Matrixmul", "time": "2018-08-22 01:21:09", "resulotion": 0}
{"node": "odroid", "Temp": {}, "counter": 0, "percent_cpu": [0.0, 0.0, 0.0, 0.0, 0.0, 0.0, 0.0, 0.0], "Current": 0.663, "algoritme": "after", "time": "2018-08-22 01:21:10", "resulotion": 0}
{"node": "odroid", "Temp": {}, "counter": 1, "percent_cpu": [0.0, 0.0, 0.0, 0.0, 0.0, 0.0, 0.0, 0.0], "Current": 0.676, "algoritme": "after", "time": "2018-08-22 01:21:11", "resulotion": 0}
{"node": "odroid", "Temp": {}, "counter": 2, "percent_cpu": [1.0, 0.0, 0.0, 0.0, 0.0, 0.0, 0.0, 0.0], "Current": 0.676, "algoritme": "after", "time": "2018-08-22 01:21:12", "resulotion": 0}
{"node": "odroid", "Temp": {}, "counter": 3, "percent_cpu": [0.0, 0.0, 0.0, 0.0, 0.0, 0.0, 0.0, 0.0], "Current": 0.664, "algoritme": "after", "time": "2018-08-22 01:21:13", "resulotion": 0}
{"node": "odroid", "Temp": {}, "counter": 4, "percent_cpu": [0.0, 1.0, 0.0, 0.0, 1.0, 0.0, 0.0, 0.0], "Current": 0.674, "algoritme": "after", "time": "2018-08-22 01:21:14", "resulotion": 0}
{"node": "odroid", "Temp": {}, "counter": 0, "percent_cpu": [0.0, 0.0, 0.0, 0.0, 0.0, 1.0, 0.0, 0.0], "Current": 0.673, "algoritme": "before", "time": "2018-08-22 01:21:16", "resulotion": 0}
{"node": "odroid", "Temp": {}, "counter": 1, "percent_cpu": [0.0, 0.0, 0.0, 0.0, 0.0, 0.0, 0.0, 0.0], "Current": 0.675, "algoritme": "before", "time": "2018-08-22 01:21:17", "resulotion": 0}
{"node": "odroid", "Temp": {}, "counter": 2, "percent_cpu": [0.0, 0.0, 0.0, 0.0, 0.0, 0.0, 0.0, 0.0], "Current": 0.724, "algoritme": "before", "time": "2018-08-22 01:21:18", "resulotion": 0}
{"node": "odroid", "Temp": {}, "counter": 3, "percent_cpu": [0.0, 0.0, 0.0, 0.0, 2.0, 1.0, 0.0, 0.0], "Current": 0.668, "algoritme": "before", "time": "2018-08-22 01:21:19", "resulotion": 0}
{"node": "odroid", "Temp": {}, "counter": 4, "percent_cpu": [0.0, 0.0, 0.0, 0.0, 0.0, 2.0, 0.0, 0.0], "Current": 0.674, "algoritme": "before", "time": "2018-08-22 01:21:20", "resulotion": 0}
{"node": "odroid", "Temp": {}, "counter": 0, "percent_cpu": [0.0, 0.0, 0.0, 0.0, 39.0, 3.0, 10.8, 0.0], "Current": 0.684, "algoritme": "Matrixmul", "time": "2018-08-22 01:21:21", "resulotion": 0}
{"node": "odroid", "Temp": {}, "counter": 0, "percent_cpu": [0.0, 0.0, 0.0, 0.0, 1.0, 0.0, 0.0, 0.0], "Current": 0.679, "algoritme": "after", "time": "2018-08-22 01:21:23", "resulotion": 0}
{"node": "odroid", "Temp": {}, "counter": 1, "percent_cpu": [1.0, 0.0, 0.0, 0.0, 0.0, 0.0, 0.0, 0.0], "Current": 0.684, "algoritme": "after", "time": "2018-08-22 01:21:24", "resulotion": 0}
{"node": "odroid", "Temp": {}, "counter": 2, "percent_cpu": [0.0, 0.0, 0.0, 0.0, 0.0, 1.0, 0.0, 0.0], "Current": 0.679, "algoritme": "after", "time": "2018-08-22 01:21:25", "resulotion": 0}
{"node": "odroid", "Temp": {}, "counter": 3, "percent_cpu": [0.0, 0.0, 0.0, 0.0, 1.0, 0.0, 0.0, 0.0], "Current": 0.678, "algoritme": "after", "time": "2018-08-22 01:21:26", "resulotion": 0}
{"node": "odroid", "Temp": {}, "counter": 4, "percent_cpu": [0.0, 0.0, 0.0, 0.0, 1.0, 0.0, 0.0, 0.0], "Current": 0.679, "algoritme": "after", "time": "2018-08-22 01:21:27", "resulotion": 0}
{"node": "odroid", "Temp": {}, "counter": 0, "percent_cpu": [0.0, 0.0, 0.0, 0.0, 0.0, 0.0, 0.0, 0.0], "Current": 0.679, "algoritme": "before", "time": "2018-08-22 01:21:28", "resulotion": 0}
{"node": "odroid", "Temp": {}, "counter": 1, "percent_cpu": [0.0, 0.0, 0.0, 0.0, 1.0, 0.0, 0.0, 0.0], "Current": 0.678, "algoritme": "before", "time": "2018-08-22 01:21:30", "resulotion": 0}
{"node": "odroid", "Temp": {}, "counter": 2, "percent_cpu": [0.0, 0.0, 0.0, 0.0, 0.0, 0.0, 0.0, 0.0], "Current": 0.677, "algoritme": "before", "time": "2018-08-22 01:21:31", "resulotion": 0}
{"node": "odroid", "Temp": {}, "counter": 3, "percent_cpu": [1.0, 0.0, 0.0, 0.0, 0.0, 0.0, 0.0, 0.0], "Current": 0.678, "algoritme": "before", "time": "2018-08-22 01:21:32", "resulotion": 0}
{"node": "odroid", "Temp": {}, "counter": 4, "percent_cpu": [0.0, 0.0, 0.0, 0.0, 1.0, 0.0, 0.0, 0.0], "Current": 0.676, "algoritme": "before", "time": "2018-08-22 01:21:33", "resulotion": 0}
{"node": "odroid", "Temp": {}, "counter": 0, "percent_cpu": [0.0, 0.0, 0.0, 0.0, 0.0, 11.0, 100.0, 0.0], "Current": 1.326, "algoritme": "Matrixmul", "time": "2018-08-22 01:21:34", "resulotion": 0}
{"node": "odroid", "Temp": {}, "counter": 1, "percent_cpu": [0.0, 0.0, 0.0, 0.0, 0.0, 0.0, 44.0, 0.0], "Current": 0.778, "algoritme": "Matrixmul", "time": "2018-08-22 01:21:35", "resulotion": 0}
{"node": "odroid", "Temp": {}, "counter": 0, "percent_cpu": [0.0, 0.0, 0.0, 0.0, 0.0, 0.0, 0.0, 0.0], "Current": 0.684, "algoritme": "after", "time": "2018-08-22 01:21:36", "resulotion": 0}
{"node": "odroid", "Temp": {}, "counter": 1, "percent_cpu": [0.0, 0.0, 0.0, 0.0, 1.0, 0.0, 0.0, 0.0], "Current": 0.681, "algoritme": "after", "time": "2018-08-22 01:21:38", "resulotion": 0}
{"node": "odroid", "Temp": {}, "counter": 2, "percent_cpu": [0.0, 0.0, 0.0, 0.0, 0.0, 0.0, 0.0, 0.0], "Current": 0.682, "algoritme": "after", "time": "2018-08-22 01:21:39", "resulotion": 0}
{"node": "odroid", "Temp": {}, "counter": 3, "percent_cpu": [0.0, 0.0, 0.0, 0.0, 1.0, 0.0, 0.0, 0.0], "Current": 0.68, "algoritme": "after", "time": "2018-08-22 01:21:40", "resulotion": 0}
{"node": "odroid", "Temp": {}, "counter": 4, "percent_cpu": [0.0, 0.0, 0.0, 0.0, 0.0, 0.0, 1.0, 0.0], "Current": 0.684, "algoritme": "after", "time": "2018-08-22 01:21:41", "resulotion": 0}
{"node": "odroid", "Temp": {}, "counter": 0, "percent_cpu": [0.0, 0.0, 0.0, 0.0, 0.0, 0.0, 0.0, 0.0], "Current": 0.7, "algoritme": "before", "time": "2018-08-22 01:21:42", "resulotion": 0}
{"node": "odroid", "Temp": {}, "counter": 1, "percent_cpu": [0.0, 0.0, 0.0, 0.0, 1.0, 0.0, 0.0, 0.0], "Current": 0.68, "algoritme": "before", "time": "2018-08-22 01:21:44", "resulotion": 0}
{"node": "odroid", "Temp": {}, "counter": 2, "percent_cpu": [0.0, 0.0, 0.0, 0.0, 0.0, 0.0, 0.0, 0.0], "Current": 0.681, "algoritme": "before", "time": "2018-08-22 01:21:45", "resulotion": 0}
{"node": "odroid", "Temp": {}, "counter": 3, "percent_cpu": [0.0, 0.0, 0.0, 0.0, 0.0, 0.0, 0.0, 0.0], "Current": 0.68, "algoritme": "before", "time": "2018-08-22 01:21:46", "resulotion": 0}
{"node": "odroid", "Temp": {}, "counter": 4, "percent_cpu": [0.0, 0.0, 0.0, 0.0, 0.0, 0.0, 0.0, 0.0], "Current": 0.682, "algoritme": "before", "time": "2018-08-22 01:21:47", "resulotion": 0}
{"node": "odroid", "Temp": {}, "counter": 0, "percent_cpu": [2.0, 0.0, 0.0, 0.0, 43.6, 2.0, 9.9, 0.0], "Current": 0.811, "algoritme": "convolution_python", "time": "2018-08-22 01:21:48", "resulotion": 144}
{"node": "odroid", "Temp": {}, "counter": 1, "percent_cpu": [1.0, 0.0, 0.0, 0.0, 9.0, 1.0, 1.0, 0.0], "Current": 0.876, "algoritme": "convolution_python", "time": "2018-08-22 01:21:49", "resulotion": 144}
{"node": "odroid", "Temp": {}, "counter": 2, "percent_cpu": [1.0, 0.0, 0.0, 0.0, 6.1, 0.0, 0.0, 0.0], "Current": 0.857, "algoritme": "convolution_python", "time": "2018-08-22 01:21:51", "resulotion": 144}
{"node": "odroid", "Temp": {}, "counter": 3, "percent_cpu": [1.0, 0.0, 0.0, 0.0, 6.1, 0.0, 0.0, 0.0], "Current": 0.851, "algoritme": "convolution_python", "time": "2018-08-22 01:21:52", "resulotion": 144}
{"node": "odroid", "Temp": {}, "counter": 4, "percent_cpu": [1.0, 0.0, 0.0, 0.0, 6.1, 0.0, 0.0, 0.0], "Current": 0.857, "algoritme": "convolution_python", "time": "2018-08-22 01:21:53", "resulotion": 144}
{"node": "odroid", "Temp": {}, "counter": 5, "percent_cpu": [1.0, 0.0, 0.0, 0.0, 6.1, 0.0, 0.0, 0.0], "Current": 0.872, "algoritme": "convolution_python", "time": "2018-08-22 01:21:54", "resulotion": 144}
{"node": "odroid", "Temp": {}, "counter": 6, "percent_cpu": [1.0, 0.0, 0.0, 0.0, 7.0, 0.0, 0.0, 0.0], "Current": 0.863, "algoritme": "convolution_python", "time": "2018-08-22 01:21:55", "resulotion": 144}
{"node": "odroid", "Temp": {}, "counter": 7, "percent_cpu": [1.0, 0.0, 0.0, 0.0, 7.0, 0.0, 1.0, 0.0], "Current": 0.864, "algoritme": "convolution_python", "time": "2018-08-22 01:21:56", "resulotion": 144}
{"node": "odroid", "Temp": {}, "counter": 8, "percent_cpu": [1.0, 0.0, 0.0, 0.0, 6.1, 0.0, 0.0, 0.0], "Current": 0.86, "algoritme": "convolution_python", "time": "2018-08-22 01:21:57", "resulotion": 144}
{"node": "odroid", "Temp": {}, "counter": 9, "percent_cpu": [1.0, 0.0, 0.0, 0.0, 7.0, 0.0, 0.0, 0.0], "Current": 0.861, "algoritme": "convolution_python", "time": "2018-08-22 01:21:59", "resulotion": 144}
{"node": "odroid", "Temp": {}, "counter": 10, "percent_cpu": [1.0, 0.0, 0.0, 0.0, 7.9, 0.0, 0.0, 0.0], "Current": 0.872, "algoritme": "convolution_python", "time": "2018-08-22 01:22:00", "resulotion": 144}
{"node": "odroid", "Temp": {}, "counter": 11, "percent_cpu": [1.0, 0.0, 0.0, 0.0, 8.0, 1.0, 0.0, 0.0], "Current": 0.868, "algoritme": "convolution_python", "time": "2018-08-22 01:22:01", "resulotion": 144}
{"node": "odroid", "Temp": {}, "counter": 12, "percent_cpu": [1.0, 0.0, 0.0, 0.0, 6.1, 1.0, 0.0, 0.0], "Current": 0.864, "algoritme": "convolution_python", "time": "2018-08-22 01:22:02", "resulotion": 144}
{"node": "odroid", "Temp": {}, "counter": 13, "percent_cpu": [1.0, 0.0, 0.0, 0.0, 6.1, 0.0, 0.0, 0.0], "Current": 0.871, "algoritme": "convolution_python", "time": "2018-08-22 01:22:03", "resulotion": 144}
{"node": "odroid", "Temp": {}, "counter": 14, "percent_cpu": [1.0, 0.0, 0.0, 0.0, 7.1, 0.0, 0.0, 0.0], "Current": 0.866, "algoritme": "convolution_python", "time": "2018-08-22 01:22:05", "resulotion": 144}
{"node": "odroid", "Temp": {}, "counter": 15, "percent_cpu": [1.0, 0.0, 0.0, 0.0, 8.1, 1.0, 1.0, 1.0], "Current": 0.872, "algoritme": "convolution_python", "time": "2018-08-22 01:22:06", "resulotion": 144}
{"node": "odroid", "Temp": {}, "counter": 16, "percent_cpu": [1.0, 0.0, 0.0, 0.0, 7.1, 3.0, 0.0, 0.0], "Current": 0.862, "algoritme": "convolution_python", "time": "2018-08-22 01:22:07", "resulotion": 144}
{"node": "odroid", "Temp": {}, "counter": 17, "percent_cpu": [2.0, 1.0, 0.0, 1.0, 10.2, 4.1, 1.0, 3.0], "Current": 0.873, "algoritme": "convolution_python", "time": "2018-08-22 01:22:08", "resulotion": 144}
{"node": "odroid", "Temp": {}, "counter": 0, "percent_cpu": [0.0, 0.0, 0.0, 0.0, 1.0, 1.0, 0.0, 0.0], "Current": 0.735, "algoritme": "after", "time": "2018-08-22 01:22:09", "resulotion": 0}
{"node": "odroid", "Temp": {}, "counter": 1, "percent_cpu": [0.0, 0.0, 0.0, 0.0, 1.0, 0.0, 0.0, 0.0], "Current": 0.684, "algoritme": "after", "time": "2018-08-22 01:22:10", "resulotion": 0}
{"node": "odroid", "Temp": {}, "counter": 2, "percent_cpu": [0.0, 0.0, 0.0, 0.0, 0.0, 0.0, 0.0, 0.0], "Current": 0.684, "algoritme": "after", "time": "2018-08-22 01:22:12", "resulotion": 0}
{"node": "odroid", "Temp": {}, "counter": 3, "percent_cpu": [0.0, 0.0, 0.0, 0.0, 0.0, 0.0, 1.0, 0.0], "Current": 0.667, "algoritme": "after", "time": "2018-08-22 01:22:13", "resulotion": 0}
{"node": "odroid", "Temp": {}, "counter": 4, "percent_cpu": [0.0, 0.0, 0.0, 0.0, 0.0, 0.0, 0.0, 0.0], "Current": 0.661, "algoritme": "after", "time": "2018-08-22 01:22:14", "resulotion": 0}
{"node": "odroid", "Temp": {}, "counter": 0, "percent_cpu": [0.0, 0.0, 0.0, 0.0, 0.0, 0.0, 0.0, 0.0], "Current": 0.66, "algoritme": "before", "time": "2018-08-22 01:22:15", "resulotion": 0}
{"node": "odroid", "Temp": {}, "counter": 1, "percent_cpu": [0.0, 0.0, 0.0, 0.0, 0.0, 0.0, 0.0, 0.0], "Current": 0.661, "algoritme": "before", "time": "2018-08-22 01:22:16", "resulotion": 0}
{"node": "odroid", "Temp": {}, "counter": 2, "percent_cpu": [0.0, 0.0, 0.0, 0.0, 1.0, 0.0, 0.0, 0.0], "Current": 0.682, "algoritme": "before", "time": "2018-08-22 01:22:17", "resulotion": 0}
{"node": "odroid", "Temp": {}, "counter": 3, "percent_cpu": [0.0, 0.0, 0.0, 0.0, 1.0, 0.0, 0.0, 0.0], "Current": 0.66, "algoritme": "before", "time": "2018-08-22 01:22:19", "resulotion": 0}
{"node": "odroid", "Temp": {}, "counter": 4, "percent_cpu": [0.0, 0.0, 0.0, 0.0, 0.0, 0.0, 0.0, 0.0], "Current": 0.661, "algoritme": "before", "time": "2018-08-22 01:22:20", "resulotion": 0}
{"node": "odroid", "Temp": {}, "counter": 0, "percent_cpu": [1.0, 0.0, 0.0, 0.0, 2.0, 10.1, 42.4, 0.0], "Current": 0.859, "algoritme": "convolution_python", "time": "2018-08-22 01:22:21", "resulotion": 320}
{"node": "odroid", "Temp": {}, "counter": 1, "percent_cpu": [1.0, 0.0, 0.0, 0.0, 25.3, 7.8, 0.0, 2.0], "Current": 0.956, "algoritme": "convolution_python", "time": "2018-08-22 01:22:22", "resulotion": 320}
{"node": "odroid", "Temp": {}, "counter": 2, "percent_cpu": [1.0, 0.0, 0.0, 0.0, 24.8, 6.9, 0.0, 0.0], "Current": 0.999, "algoritme": "convolution_python", "time": "2018-08-22 01:22:23", "resulotion": 320}
{"node": "odroid", "Temp": {}, "counter": 3, "percent_cpu": [1.0, 0.0, 0.0, 0.0, 23.0, 7.8, 1.0, 0.0], "Current": 0.954, "algoritme": "convolution_python", "time": "2018-08-22 01:22:24", "resulotion": 320}
{"node": "odroid", "Temp": {}, "counter": 4, "percent_cpu": [1.0, 0.0, 0.0, 0.0, 23.2, 8.8, 1.0, 0.0], "Current": 0.955, "algoritme": "convolution_python", "time": "2018-08-22 01:22:25", "resulotion": 320}
{"node": "odroid", "Temp": {}, "counter": 5, "percent_cpu": [1.0, 0.0, 0.0, 0.0, 23.0, 7.0, 0.0, 0.0], "Current": 0.992, "algoritme": "convolution_python", "time": "2018-08-22 01:22:27", "resulotion": 320}
{"node": "odroid", "Temp": {}, "counter": 6, "percent_cpu": [1.0, 0.0, 0.0, 0.0, 23.0, 5.0, 0.0, 0.0], "Current": 1.002, "algoritme": "convolution_python", "time": "2018-08-22 01:22:28", "resulotion": 320}
{"node": "odroid", "Temp": {}, "counter": 7, "percent_cpu": [1.0, 0.0, 0.0, 0.0, 25.0, 7.8, 0.0, 0.0], "Current": 0.978, "algoritme": "convolution_python", "time": "2018-08-22 01:22:29", "resulotion": 320}
{"node": "odroid", "Temp": {}, "counter": 8, "percent_cpu": [1.0, 0.0, 0.0, 0.0, 25.7, 5.9, 0.0, 0.0], "Current": 0.998, "algoritme": "convolution_python", "time": "2018-08-22 01:22:30", "resulotion": 320}
{"node": "odroid", "Temp": {}, "counter": 9, "percent_cpu": [1.0, 0.0, 0.0, 0.0, 23.8, 6.0, 0.0, 0.0], "Current": 0.966, "algoritme": "convolution_python", "time": "2018-08-22 01:22:31", "resulotion": 320}
{"node": "odroid", "Temp": {}, "counter": 10, "percent_cpu": [1.0, 0.0, 0.0, 0.0, 24.8, 6.9, 0.0, 0.0], "Current": 1.004, "algoritme": "convolution_python", "time": "2018-08-22 01:22:32", "resulotion": 320}
{"node": "odroid", "Temp": {}, "counter": 11, "percent_cpu": [1.0, 0.0, 0.0, 0.0, 24.5, 6.0, 0.0, 0.0], "Current": 0.96, "algoritme": "convolution_python", "time": "2018-08-22 01:22:34", "resulotion": 320}
{"node": "odroid", "Temp": {}, "counter": 12, "percent_cpu": [1.0, 0.0, 0.0, 0.0, 24.2, 5.9, 0.0, 0.0], "Current": 0.974, "algoritme": "convolution_python", "time": "2018-08-22 01:22:35", "resulotion": 320}
{"node": "odroid", "Temp": {}, "counter": 13, "percent_cpu": [1.0, 0.0, 0.0, 0.0, 24.8, 6.9, 0.0, 0.0], "Current": 0.947, "algoritme": "convolution_python", "time": "2018-08-22 01:22:36", "resulotion": 320}
{"node": "odroid", "Temp": {}, "counter": 14, "percent_cpu": [2.0, 0.0, 0.0, 0.0, 25.7, 5.9, 0.0, 0.0], "Current": 0.955, "algoritme": "convolution_python", "time": "2018-08-22 01:22:37", "resulotion": 320}
{"node": "odroid", "Temp": {}, "counter": 15, "percent_cpu": [2.0, 0.0, 0.0, 0.0, 25.0, 5.0, 1.0, 0.0], "Current": 0.981, "algoritme": "convolution_python", "time": "2018-08-22 01:22:38", "resulotion": 320}
{"node": "odroid", "Temp": {}, "counter": 16, "percent_cpu": [1.0, 0.0, 0.0, 0.0, 24.0, 6.9, 0.0, 0.0], "Current": 0.942, "algoritme": "convolution_python", "time": "2018-08-22 01:22:40", "resulotion": 320}
{"node": "odroid", "Temp": {}, "counter": 17, "percent_cpu": [3.0, 0.0, 0.0, 1.0, 26.0, 6.1, 2.0, 4.0], "Current": 1.015, "algoritme": "convolution_python", "time": "2018-08-22 01:22:41", "resulotion": 320}
{"node": "odroid", "Temp": {}, "counter": 0, "percent_cpu": [0.0, 0.0, 0.0, 0.0, 1.0, 0.0, 0.0, 0.0], "Current": 0.746, "algoritme": "after", "time": "2018-08-22 01:22:42", "resulotion": 0}
{"node": "odroid", "Temp": {}, "counter": 1, "percent_cpu": [0.0, 0.0, 0.0, 0.0, 0.0, 0.0, 0.0, 0.0], "Current": 0.742, "algoritme": "after", "time": "2018-08-22 01:22:43", "resulotion": 0}
{"node": "odroid", "Temp": {}, "counter": 2, "percent_cpu": [0.0, 0.0, 0.0, 0.0, 0.0, 1.0, 0.0, 0.0], "Current": 0.688, "algoritme": "after", "time": "2018-08-22 01:22:44", "resulotion": 0}
{"node": "odroid", "Temp": {}, "counter": 3, "percent_cpu": [1.0, 0.0, 0.0, 0.0, 1.0, 2.0, 0.0, 0.0], "Current": 0.685, "algoritme": "after", "time": "2018-08-22 01:22:45", "resulotion": 0}
{"node": "odroid", "Temp": {}, "counter": 4, "percent_cpu": [0.0, 0.0, 0.0, 0.0, 0.0, 0.0, 0.0, 0.0], "Current": 0.688, "algoritme": "after", "time": "2018-08-22 01:22:47", "resulotion": 0}
{"node": "odroid", "Temp": {}, "counter": 0, "percent_cpu": [0.0, 0.0, 0.0, 0.0, 0.0, 0.0, 0.0, 0.0], "Current": 0.688, "algoritme": "before", "time": "2018-08-22 01:22:48", "resulotion": 0}
{"node": "odroid", "Temp": {}, "counter": 1, "percent_cpu": [0.0, 0.0, 0.0, 0.0, 0.0, 0.0, 0.0, 0.0], "Current": 0.69, "algoritme": "before", "time": "2018-08-22 01:22:49", "resulotion": 0}
{"node": "odroid", "Temp": {}, "counter": 2, "percent_cpu": [0.0, 0.0, 0.0, 0.0, 0.0, 0.0, 0.0, 0.0], "Current": 0.687, "algoritme": "before", "time": "2018-08-22 01:22:50", "resulotion": 0}
{"node": "odroid", "Temp": {}, "counter": 3, "percent_cpu": [0.0, 0.0, 0.0, 0.0, 0.0, 0.0, 0.0, 0.0], "Current": 0.669, "algoritme": "before", "time": "2018-08-22 01:22:51", "resulotion": 0}
{"node": "odroid", "Temp": {}, "counter": 4, "percent_cpu": [0.0, 0.0, 0.0, 0.0, 0.0, 0.0, 0.0, 0.0], "Current": 0.688, "algoritme": "before", "time": "2018-08-22 01:22:52", "resulotion": 0}
{"node": "odroid", "Temp": {}, "counter": 0, "percent_cpu": [1.0, 0.0, 0.0, 0.0, 1.0, 10.0, 43.0, 0.0], "Current": 0.866, "algoritme": "convolution_python", "time": "2018-08-22 01:22:54", "resulotion": 640}
{"node": "odroid", "Temp": {}, "counter": 1, "percent_cpu": [3.0, 0.0, 7.9, 0.0, 13.0, 16.0, 89.0, 1.0], "Current": 1.44, "algoritme": "convolution_python", "time": "2018-08-22 01:22:55", "resulotion": 640}
{"node": "odroid", "Temp": {}, "counter": 2, "percent_cpu": [1.0, 0.0, 0.0, 0.0, 0.0, 16.2, 100.0, 0.0], "Current": 1.486, "algoritme": "convolution_python", "time": "2018-08-22 01:22:56", "resulotion": 640}
{"node": "odroid", "Temp": {}, "counter": 3, "percent_cpu": [1.0, 0.0, 0.0, 0.0, 0.0, 16.0, 100.0, 1.0], "Current": 1.455, "algoritme": "convolution_python", "time": "2018-08-22 01:22:57", "resulotion": 640}
{"node": "odroid", "Temp": {}, "counter": 4, "percent_cpu": [1.0, 0.0, 0.0, 0.0, 0.0, 16.8, 100.0, 2.0], "Current": 1.456, "algoritme": "convolution_python", "time": "2018-08-22 01:22:58", "resulotion": 640}
{"node": "odroid", "Temp": {}, "counter": 5, "percent_cpu": [1.0, 0.0, 0.0, 0.0, 1.0, 17.8, 99.0, 0.0], "Current": 1.481, "algoritme": "convolution_python", "time": "2018-08-22 01:22:59", "resulotion": 640}
{"node": "odroid", "Temp": {}, "counter": 6, "percent_cpu": [1.0, 0.0, 0.0, 0.0, 1.0, 18.6, 100.0, 0.0], "Current": 1.443, "algoritme": "convolution_python", "time": "2018-08-22 01:23:00", "resulotion": 640}
{"node": "odroid", "Temp": {}, "counter": 7, "percent_cpu": [1.0, 0.0, 0.0, 0.0, 0.0, 17.0, 100.0, 0.0], "Current": 1.435, "algoritme": "convolution_python", "time": "2018-08-22 01:23:02", "resulotion": 640}
{"node": "odroid", "Temp": {}, "counter": 8, "percent_cpu": [2.9, 0.0, 0.0, 0.0, 0.0, 15.2, 100.0, 0.0], "Current": 1.461, "algoritme": "convolution_python", "time": "2018-08-22 01:23:03", "resulotion": 640}
{"node": "odroid", "Temp": {}, "counter": 9, "percent_cpu": [1.0, 0.0, 0.0, 0.0, 1.0, 15.2, 100.0, 1.0], "Current": 1.483, "algoritme": "convolution_python", "time": "2018-08-22 01:23:04", "resulotion": 640}
{"node": "odroid", "Temp": {}, "counter": 10, "percent_cpu": [1.0, 0.0, 0.0, 0.0, 0.0, 17.0, 99.0, 0.0], "Current": 1.448, "algoritme": "convolution_python", "time": "2018-08-22 01:23:05", "resulotion": 640}
{"node": "odroid", "Temp": {}, "counter": 11, "percent_cpu": [1.0, 0.0, 0.0, 0.0, 0.0, 15.2, 100.0, 1.0], "Current": 1.467, "algoritme": "convolution_python", "time": "2018-08-22 01:23:06", "resulotion": 640}
{"node": "odroid", "Temp": {}, "counter": 12, "percent_cpu": [1.0, 0.0, 0.0, 0.0, 0.0, 16.8, 100.0, 1.0], "Current": 1.477, "algoritme": "convolution_python", "time": "2018-08-22 01:23:07", "resulotion": 640}
{"node": "odroid", "Temp": {}, "counter": 13, "percent_cpu": [1.0, 0.0, 0.0, 0.0, 0.0, 16.8, 100.0, 1.0], "Current": 1.432, "algoritme": "convolution_python", "time": "2018-08-22 01:23:09", "resulotion": 640}
{"node": "odroid", "Temp": {}, "counter": 14, "percent_cpu": [1.0, 0.0, 0.0, 0.0, 1.0, 17.8, 99.0, 0.0], "Current": 1.487, "algoritme": "convolution_python", "time": "2018-08-22 01:23:10", "resulotion": 640}
{"node": "odroid", "Temp": {}, "counter": 15, "percent_cpu": [1.0, 0.0, 0.0, 0.0, 2.0, 16.0, 100.0, 1.0], "Current": 1.459, "algoritme": "convolution_python", "time": "2018-08-22 01:23:11", "resulotion": 640}
{"node": "odroid", "Temp": {}, "counter": 16, "percent_cpu": [2.0, 0.0, 0.0, 0.0, 0.0, 16.8, 100.0, 0.0], "Current": 1.449, "algoritme": "convolution_python", "time": "2018-08-22 01:23:12", "resulotion": 640}
{"node": "odroid", "Temp": {}, "counter": 17, "percent_cpu": [1.0, 0.0, 0.0, 0.0, 1.0, 17.8, 100.0, 0.0], "Current": 1.458, "algoritme": "convolution_python", "time": "2018-08-22 01:23:13", "resulotion": 640}
{"node": "odroid", "Temp": {}, "counter": 0, "percent_cpu": [0.0, 0.0, 0.0, 0.0, 3.0, 2.0, 6.0, 0.0], "Current": 0.836, "algoritme": "after", "time": "2018-08-22 01:23:14", "resulotion": 0}
{"node": "odroid", "Temp": {}, "counter": 1, "percent_cpu": [0.0, 0.0, 0.0, 0.0, 0.0, 0.0, 0.0, 0.0], "Current": 0.736, "algoritme": "after", "time": "2018-08-22 01:23:16", "resulotion": 0}
{"node": "odroid", "Temp": {}, "counter": 2, "percent_cpu": [1.0, 0.0, 0.0, 0.0, 0.0, 0.0, 0.0, 0.0], "Current": 0.684, "algoritme": "after", "time": "2018-08-22 01:23:17", "resulotion": 0}
{"node": "odroid", "Temp": {}, "counter": 3, "percent_cpu": [0.0, 0.0, 0.0, 0.0, 0.0, 1.0, 0.0, 0.0], "Current": 0.681, "algoritme": "after", "time": "2018-08-22 01:23:18", "resulotion": 0}
{"node": "odroid", "Temp": {}, "counter": 4, "percent_cpu": [1.0, 0.0, 0.0, 0.0, 1.0, 0.0, 0.0, 0.0], "Current": 0.683, "algoritme": "after", "time": "2018-08-22 01:23:19", "resulotion": 0}
{"node": "odroid", "Temp": {}, "counter": 0, "percent_cpu": [1.0, 0.0, 0.0, 0.0, 1.0, 0.0, 0.0, 0.0], "Current": 0.681, "algoritme": "before", "time": "2018-08-22 01:23:20", "resulotion": 0}
{"node": "odroid", "Temp": {}, "counter": 1, "percent_cpu": [0.0, 0.0, 0.0, 0.0, 0.0, 0.0, 0.0, 0.0], "Current": 0.679, "algoritme": "before", "time": "2018-08-22 01:23:21", "resulotion": 0}
{"node": "odroid", "Temp": {}, "counter": 2, "percent_cpu": [0.0, 0.0, 0.0, 0.0, 0.0, 0.0, 0.0, 0.0], "Current": 0.681, "algoritme": "before", "time": "2018-08-22 01:23:23", "resulotion": 0}
{"node": "odroid", "Temp": {}, "counter": 3, "percent_cpu": [0.0, 0.0, 0.0, 0.0, 0.0, 0.0, 1.0, 0.0], "Current": 0.677, "algoritme": "before", "time": "2018-08-22 01:23:24", "resulotion": 0}
{"node": "odroid", "Temp": {}, "counter": 4, "percent_cpu": [0.0, 0.0, 0.0, 0.0, 1.0, 0.0, 0.0, 0.0], "Current": 0.678, "algoritme": "before", "time": "2018-08-22 01:23:25", "resulotion": 0}
{"node": "odroid", "Temp": {}, "counter": 0, "percent_cpu": [0.0, 0.0, 0.0, 0.0, 1.0, 9.1, 42.0, 0.0], "Current": 0.768, "algoritme": "convolution_python", "time": "2018-08-22 01:23:26", "resulotion": 960}
{"node": "odroid", "Temp": {}, "counter": 1, "percent_cpu": [3.0, 1.0, 0.0, 0.0, 3.1, 13.0, 98.0, 8.9], "Current": 1.47, "algoritme": "convolution_python", "time": "2018-08-22 01:23:27", "resulotion": 960}
{"node": "odroid", "Temp": {}, "counter": 2, "percent_cpu": [1.0, 0.0, 0.0, 0.0, 2.0, 17.8, 100.0, 0.0], "Current": 1.44, "algoritme": "convolution_python", "time": "2018-08-22 01:23:28", "resulotion": 960}
{"node": "odroid", "Temp": {}, "counter": 3, "percent_cpu": [1.0, 0.0, 0.0, 0.0, 1.0, 17.8, 100.0, 0.0], "Current": 1.431, "algoritme": "convolution_python", "time": "2018-08-22 01:23:30", "resulotion": 960}
{"node": "odroid", "Temp": {}, "counter": 4, "percent_cpu": [2.0, 0.0, 0.0, 0.0, 3.0, 17.0, 100.0, 0.0], "Current": 1.461, "algoritme": "convolution_python", "time": "2018-08-22 01:23:31", "resulotion": 960}
{"node": "odroid", "Temp": {}, "counter": 5, "percent_cpu": [2.0, 0.0, 0.0, 0.0, 1.0, 17.8, 100.0, 0.0], "Current": 1.472, "algoritme": "convolution_python", "time": "2018-08-22 01:23:32", "resulotion": 960}
{"node": "odroid", "Temp": {}, "counter": 6, "percent_cpu": [1.0, 0.0, 0.0, 0.0, 1.0, 16.8, 100.0, 1.0], "Current": 1.436, "algoritme": "convolution_python", "time": "2018-08-22 01:23:33", "resulotion": 960}
{"node": "odroid", "Temp": {}, "counter": 7, "percent_cpu": [1.0, 0.0, 0.0, 0.0, 0.0, 17.0, 100.0, 1.0], "Current": 1.447, "algoritme": "convolution_python", "time": "2018-08-22 01:23:34", "resulotion": 960}
{"node": "odroid", "Temp": {}, "counter": 8, "percent_cpu": [1.0, 0.0, 0.0, 0.0, 1.0, 17.6, 100.0, 0.0], "Current": 1.438, "algoritme": "convolution_python", "time": "2018-08-22 01:23:35", "resulotion": 960}
{"node": "odroid", "Temp": {}, "counter": 9, "percent_cpu": [1.0, 0.0, 0.0, 0.0, 2.0, 13.3, 100.0, 2.0], "Current": 1.468, "algoritme": "convolution_python", "time": "2018-08-22 01:23:37", "resulotion": 960}
{"node": "odroid", "Temp": {}, "counter": 10, "percent_cpu": [3.0, 0.0, 0.0, 0.0, 2.0, 17.0, 99.0, 0.0], "Current": 1.476, "algoritme": "convolution_python", "time": "2018-08-22 01:23:38", "resulotion": 960}
{"node": "odroid", "Temp": {}, "counter": 11, "percent_cpu": [3.0, 0.0, 0.0, 0.0, 2.0, 16.0, 100.0, 0.0], "Current": 1.449, "algoritme": "convolution_python", "time": "2018-08-22 01:23:39", "resulotion": 960}
{"node": "odroid", "Temp": {}, "counter": 12, "percent_cpu": [1.0, 1.0, 0.0, 0.0, 1.0, 16.0, 100.0, 0.0], "Current": 1.453, "algoritme": "convolution_python", "time": "2018-08-22 01:23:40", "resulotion": 960}
{"node": "odroid", "Temp": {}, "counter": 13, "percent_cpu": [2.0, 0.0, 0.0, 0.0, 2.0, 16.8, 100.0, 1.0], "Current": 1.458, "algoritme": "convolution_python", "time": "2018-08-22 01:23:41", "resulotion": 960}
{"node": "odroid", "Temp": {}, "counter": 14, "percent_cpu": [1.0, 0.0, 0.0, 0.0, 2.0, 16.0, 100.0, 0.0], "Current": 1.474, "algoritme": "convolution_python", "time": "2018-08-22 01:23:42", "resulotion": 960}
{"node": "odroid", "Temp": {}, "counter": 15, "percent_cpu": [2.0, 0.0, 0.0, 0.0, 0.0, 16.2, 100.0, 1.0], "Current": 1.418, "algoritme": "convolution_python", "time": "2018-08-22 01:23:44", "resulotion": 960}
{"node": "odroid", "Temp": {}, "counter": 16, "percent_cpu": [2.0, 0.0, 0.0, 0.0, 0.0, 16.2, 100.0, 1.0], "Current": 1.454, "algoritme": "convolution_python", "time": "2018-08-22 01:23:45", "resulotion": 960}
{"node": "odroid", "Temp": {}, "counter": 17, "percent_cpu": [1.0, 0.0, 3.0, 0.0, 8.1, 21.2, 83.8, 0.0], "Current": 1.44, "algoritme": "convolution_python", "time": "2018-08-22 01:23:46", "resulotion": 960}
{"node": "odroid", "Temp": {}, "counter": 0, "percent_cpu": [1.0, 0.0, 0.0, 0.0, 1.0, 0.0, 0.0, 0.0], "Current": 0.813, "algoritme": "after", "time": "2018-08-22 01:23:47", "resulotion": 0}
{"node": "odroid", "Temp": {}, "counter": 1, "percent_cpu": [0.0, 0.0, 0.0, 0.0, 0.0, 0.0, 0.0, 0.0], "Current": 0.683, "algoritme": "after", "time": "2018-08-22 01:23:48", "resulotion": 0}
{"node": "odroid", "Temp": {}, "counter": 2, "percent_cpu": [0.0, 0.0, 0.0, 0.0, 0.0, 0.0, 0.0, 0.0], "Current": 0.678, "algoritme": "after", "time": "2018-08-22 01:23:49", "resulotion": 0}
{"node": "odroid", "Temp": {}, "counter": 3, "percent_cpu": [0.0, 0.0, 0.0, 0.0, 1.0, 0.0, 0.0, 0.0], "Current": 0.675, "algoritme": "after", "time": "2018-08-22 01:23:51", "resulotion": 0}
{"node": "odroid", "Temp": {}, "counter": 4, "percent_cpu": [0.0, 0.0, 0.0, 0.0, 0.0, 0.0, 0.0, 0.0], "Current": 0.677, "algoritme": "after", "time": "2018-08-22 01:23:52", "resulotion": 0}
{"node": "odroid", "Temp": {}, "counter": 0, "percent_cpu": [0.0, 0.0, 0.0, 0.0, 0.0, 0.0, 0.0, 0.0], "Current": 0.649, "algoritme": "before", "time": "2018-08-22 01:23:53", "resulotion": 0}
{"node": "odroid", "Temp": {}, "counter": 1, "percent_cpu": [0.0, 0.0, 0.0, 1.0, 0.0, 1.0, 0.0, 0.0], "Current": 0.671, "algoritme": "before", "time": "2018-08-22 01:23:54", "resulotion": 0}
{"node": "odroid", "Temp": {}, "counter": 2, "percent_cpu": [0.0, 0.0, 0.0, 0.0, 0.0, 0.0, 1.0, 0.0], "Current": 0.65, "algoritme": "before", "time": "2018-08-22 01:23:55", "resulotion": 0}
{"node": "odroid", "Temp": {}, "counter": 3, "percent_cpu": [0.0, 0.0, 0.0, 0.0, 0.0, 0.0, 0.0, 0.0], "Current": 0.668, "algoritme": "before", "time": "2018-08-22 01:23:56", "resulotion": 0}
{"node": "odroid", "Temp": {}, "counter": 4, "percent_cpu": [0.0, 0.0, 0.0, 0.0, 0.0, 0.0, 0.0, 0.0], "Current": 0.672, "algoritme": "before", "time": "2018-08-22 01:23:58", "resulotion": 0}
{"node": "odroid", "Temp": {}, "counter": 0, "percent_cpu": [0.0, 0.0, 0.0, 0.0, 1.0, 8.1, 49.0, 0.0], "Current": 0.761, "algoritme": "pixeltranform_python", "time": "2018-08-22 01:23:59", "resulotion": 144}
{"node": "odroid", "Temp": {}, "counter": 1, "percent_cpu": [2.0, 1.0, 0.0, 1.0, 78.0, 24.2, 3.0, 5.0], "Current": 1.224, "algoritme": "pixeltranform_python", "time": "2018-08-22 01:24:00", "resulotion": 144}
{"node": "odroid", "Temp": {}, "counter": 2, "percent_cpu": [1.0, 0.0, 0.0, 0.0, 1.0, 100.0, 0.0, 0.0], "Current": 1.34, "algoritme": "pixeltranform_python", "time": "2018-08-22 01:24:01", "resulotion": 144}
{"node": "odroid", "Temp": {}, "counter": 3, "percent_cpu": [1.0, 0.0, 0.0, 0.0, 0.0, 100.0, 0.0, 0.0], "Current": 1.356, "algoritme": "pixeltranform_python", "time": "2018-08-22 01:24:02", "resulotion": 144}
{"node": "odroid", "Temp": {}, "counter": 4, "percent_cpu": [1.0, 0.0, 0.0, 0.0, 84.2, 15.2, 0.0, 0.0], "Current": 1.347, "algoritme": "pixeltranform_python", "time": "2018-08-22 01:24:03", "resulotion": 144}
{"node": "odroid", "Temp": {}, "counter": 5, "percent_cpu": [1.0, 0.0, 0.0, 0.0, 100.0, 1.0, 0.0, 0.0], "Current": 1.343, "algoritme": "pixeltranform_python", "time": "2018-08-22 01:24:05", "resulotion": 144}
{"node": "odroid", "Temp": {}, "counter": 6, "percent_cpu": [2.0, 0.0, 0.0, 0.0, 100.0, 1.0, 1.0, 0.0], "Current": 1.329, "algoritme": "pixeltranform_python", "time": "2018-08-22 01:24:06", "resulotion": 144}
{"node": "odroid", "Temp": {}, "counter": 7, "percent_cpu": [1.0, 0.0, 0.0, 0.0, 100.0, 0.0, 0.0, 0.0], "Current": 1.358, "algoritme": "pixeltranform_python", "time": "2018-08-22 01:24:07", "resulotion": 144}
{"node": "odroid", "Temp": {}, "counter": 8, "percent_cpu": [1.0, 0.0, 0.0, 0.0, 99.0, 0.0, 0.0, 0.0], "Current": 1.348, "algoritme": "pixeltranform_python", "time": "2018-08-22 01:24:08", "resulotion": 144}
{"node": "odroid", "Temp": {}, "counter": 9, "percent_cpu": [2.0, 0.0, 0.0, 0.0, 94.0, 6.1, 0.0, 0.0], "Current": 1.359, "algoritme": "pixeltranform_python", "time": "2018-08-22 01:24:09", "resulotion": 144}
{"node": "odroid", "Temp": {}, "counter": 10, "percent_cpu": [0.0, 0.0, 0.0, 0.0, 51.5, 48.0, 0.0, 0.0], "Current": 1.352, "algoritme": "pixeltranform_python", "time": "2018-08-22 01:24:10", "resulotion": 144}
{"node": "odroid", "Temp": {}, "counter": 11, "percent_cpu": [1.0, 0.0, 0.0, 0.0, 100.0, 1.0, 0.0, 0.0], "Current": 1.341, "algoritme": "pixeltranform_python", "time": "2018-08-22 01:24:12", "resulotion": 144}
{"node": "odroid", "Temp": {}, "counter": 12, "percent_cpu": [1.0, 0.0, 0.0, 0.0, 100.0, 0.0, 0.0, 0.0], "Current": 1.359, "algoritme": "pixeltranform_python", "time": "2018-08-22 01:24:13", "resulotion": 144}
{"node": "odroid", "Temp": {}, "counter": 13, "percent_cpu": [1.0, 0.0, 0.0, 0.0, 99.0, 1.0, 0.0, 0.0], "Current": 1.357, "algoritme": "pixeltranform_python", "time": "2018-08-22 01:24:14", "resulotion": 144}
{"node": "odroid", "Temp": {}, "counter": 14, "percent_cpu": [1.0, 0.0, 0.0, 0.0, 100.0, 0.0, 0.0, 0.0], "Current": 1.337, "algoritme": "pixeltranform_python", "time": "2018-08-22 01:24:15", "resulotion": 144}
{"node": "odroid", "Temp": {}, "counter": 15, "percent_cpu": [1.0, 0.0, 0.0, 0.0, 100.0, 1.0, 0.0, 0.0], "Current": 1.333, "algoritme": "pixeltranform_python", "time": "2018-08-22 01:24:16", "resulotion": 144}
{"node": "odroid", "Temp": {}, "counter": 16, "percent_cpu": [1.0, 0.0, 0.0, 0.0, 100.0, 0.0, 0.0, 0.0], "Current": 1.326, "algoritme": "pixeltranform_python", "time": "2018-08-22 01:24:17", "resulotion": 144}
{"node": "odroid", "Temp": {}, "counter": 17, "percent_cpu": [1.0, 0.0, 1.0, 0.0, 96.0, 0.0, 0.0, 0.0], "Current": 1.35, "algoritme": "pixeltranform_python", "time": "2018-08-22 01:24:19", "resulotion": 144}
{"node": "odroid", "Temp": {}, "counter": 0, "percent_cpu": [0.0, 0.0, 0.0, 0.0, 1.0, 0.0, 0.0, 0.0], "Current": 0.737, "algoritme": "after", "time": "2018-08-22 01:24:20", "resulotion": 0}
{"node": "odroid", "Temp": {}, "counter": 1, "percent_cpu": [0.0, 0.0, 0.0, 0.0, 0.0, 1.0, 0.0, 0.0], "Current": 0.725, "algoritme": "after", "time": "2018-08-22 01:24:21", "resulotion": 0}
{"node": "odroid", "Temp": {}, "counter": 2, "percent_cpu": [0.0, 0.0, 0.0, 0.0, 0.0, 0.0, 1.0, 0.0], "Current": 0.671, "algoritme": "after", "time": "2018-08-22 01:24:22", "resulotion": 0}
{"node": "odroid", "Temp": {}, "counter": 3, "percent_cpu": [0.0, 0.0, 0.0, 0.0, 0.0, 0.0, 0.0, 0.0], "Current": 0.666, "algoritme": "after", "time": "2018-08-22 01:24:23", "resulotion": 0}
{"node": "odroid", "Temp": {}, "counter": 4, "percent_cpu": [1.0, 0.0, 0.0, 0.0, 0.0, 0.0, 0.0, 0.0], "Current": 0.673, "algoritme": "after", "time": "2018-08-22 01:24:24", "resulotion": 0}
{"node": "odroid", "Temp": {}, "counter": 0, "percent_cpu": [0.0, 0.0, 0.0, 0.0, 0.0, 0.0, 0.0, 0.0], "Current": 0.669, "algoritme": "before", "time": "2018-08-22 01:24:26", "resulotion": 0}
{"node": "odroid", "Temp": {}, "counter": 1, "percent_cpu": [0.0, 0.0, 0.0, 0.0, 0.0, 0.0, 0.0, 0.0], "Current": 0.658, "algoritme": "before", "time": "2018-08-22 01:24:27", "resulotion": 0}
{"node": "odroid", "Temp": {}, "counter": 2, "percent_cpu": [0.0, 0.0, 0.0, 0.0, 1.0, 0.0, 0.0, 0.0], "Current": 0.668, "algoritme": "before", "time": "2018-08-22 01:24:28", "resulotion": 0}
{"node": "odroid", "Temp": {}, "counter": 3, "percent_cpu": [0.0, 0.0, 0.0, 0.0, 0.0, 0.0, 0.0, 0.0], "Current": 0.669, "algoritme": "before", "time": "2018-08-22 01:24:29", "resulotion": 0}
{"node": "odroid", "Temp": {}, "counter": 4, "percent_cpu": [0.0, 0.0, 0.0, 0.0, 1.0, 0.0, 0.0, 0.0], "Current": 0.662, "algoritme": "before", "time": "2018-08-22 01:24:30", "resulotion": 0}
{"node": "odroid", "Temp": {}, "counter": 0, "percent_cpu": [1.0, 0.0, 0.0, 0.0, 3.0, 9.1, 49.5, 0.0], "Current": 0.798, "algoritme": "pixeltranform_python", "time": "2018-08-22 01:24:31", "resulotion": 320}
{"node": "odroid", "Temp": {}, "counter": 1, "percent_cpu": [1.0, 0.0, 0.0, 0.0, 100.0, 0.0, 1.0, 0.0], "Current": 1.246, "algoritme": "pixeltranform_python", "time": "2018-08-22 01:24:33", "resulotion": 320}
{"node": "odroid", "Temp": {}, "counter": 2, "percent_cpu": [1.0, 0.0, 0.0, 0.0, 100.0, 0.0, 1.0, 0.0], "Current": 1.281, "algoritme": "pixeltranform_python", "time": "2018-08-22 01:24:34", "resulotion": 320}
{"node": "odroid", "Temp": {}, "counter": 3, "percent_cpu": [2.0, 1.0, 0.0, 1.0, 100.0, 2.0, 4.0, 4.0], "Current": 1.405, "algoritme": "pixeltranform_python", "time": "2018-08-22 01:24:35", "resulotion": 320}
{"node": "odroid", "Temp": {}, "counter": 4, "percent_cpu": [1.0, 0.0, 0.0, 0.0, 100.0, 1.0, 0.0, 1.0], "Current": 1.367, "algoritme": "pixeltranform_python", "time": "2018-08-22 01:24:36", "resulotion": 320}
{"node": "odroid", "Temp": {}, "counter": 5, "percent_cpu": [1.0, 0.0, 0.0, 0.0, 100.0, 0.0, 0.0, 0.0], "Current": 1.365, "algoritme": "pixeltranform_python", "time": "2018-08-22 01:24:37", "resulotion": 320}
{"node": "odroid", "Temp": {}, "counter": 6, "percent_cpu": [1.0, 0.0, 0.0, 0.0, 100.0, 0.0, 0.0, 0.0], "Current": 1.359, "algoritme": "pixeltranform_python", "time": "2018-08-22 01:24:38", "resulotion": 320}
{"node": "odroid", "Temp": {}, "counter": 7, "percent_cpu": [1.0, 0.0, 0.0, 0.0, 100.0, 0.0, 0.0, 0.0], "Current": 1.367, "algoritme": "pixeltranform_python", "time": "2018-08-22 01:24:40", "resulotion": 320}
{"node": "odroid", "Temp": {}, "counter": 8, "percent_cpu": [1.0, 0.0, 0.0, 0.0, 100.0, 0.0, 0.0, 0.0], "Current": 1.368, "algoritme": "pixeltranform_python", "time": "2018-08-22 01:24:41", "resulotion": 320}
{"node": "odroid", "Temp": {}, "counter": 9, "percent_cpu": [2.0, 0.0, 0.0, 0.0, 100.0, 1.0, 0.0, 0.0], "Current": 1.364, "algoritme": "pixeltranform_python", "time": "2018-08-22 01:24:42", "resulotion": 320}
{"node": "odroid", "Temp": {}, "counter": 10, "percent_cpu": [1.0, 0.0, 0.0, 0.0, 100.0, 0.0, 0.0, 0.0], "Current": 1.36, "algoritme": "pixeltranform_python", "time": "2018-08-22 01:24:43", "resulotion": 320}
{"node": "odroid", "Temp": {}, "counter": 11, "percent_cpu": [1.0, 0.0, 0.0, 0.0, 100.0, 0.0, 0.0, 0.0], "Current": 1.36, "algoritme": "pixeltranform_python", "time": "2018-08-22 01:24:44", "resulotion": 320}
{"node": "odroid", "Temp": {}, "counter": 12, "percent_cpu": [1.0, 0.0, 0.0, 0.0, 100.0, 0.0, 0.0, 0.0], "Current": 1.367, "algoritme": "pixeltranform_python", "time": "2018-08-22 01:24:45", "resulotion": 320}
{"node": "odroid", "Temp": {}, "counter": 13, "percent_cpu": [1.0, 0.0, 0.0, 0.0, 100.0, 0.0, 0.0, 0.0], "Current": 1.38, "algoritme": "pixeltranform_python", "time": "2018-08-22 01:24:47", "resulotion": 320}
{"node": "odroid", "Temp": {}, "counter": 14, "percent_cpu": [1.0, 0.0, 0.0, 0.0, 100.0, 0.0, 0.0, 0.0], "Current": 1.377, "algoritme": "pixeltranform_python", "time": "2018-08-22 01:24:48", "resulotion": 320}
{"node": "odroid", "Temp": {}, "counter": 15, "percent_cpu": [1.0, 0.0, 0.0, 0.0, 100.0, 1.0, 0.0, 0.0], "Current": 1.369, "algoritme": "pixeltranform_python", "time": "2018-08-22 01:24:49", "resulotion": 320}
{"node": "odroid", "Temp": {}, "counter": 16, "percent_cpu": [1.0, 0.0, 0.0, 0.0, 100.0, 0.0, 0.0, 0.0], "Current": 1.358, "algoritme": "pixeltranform_python", "time": "2018-08-22 01:24:50", "resulotion": 320}
{"node": "odroid", "Temp": {}, "counter": 17, "percent_cpu": [1.0, 0.0, 0.0, 0.0, 100.0, 0.0, 0.0, 0.0], "Current": 1.364, "algoritme": "pixeltranform_python", "time": "2018-08-22 01:24:51", "resulotion": 320}
{"node": "odroid", "Temp": {}, "counter": 18, "percent_cpu": [2.0, 0.0, 0.0, 2.0, 53.0, 3.0, 1.0, 1.0], "Current": 0.739, "algoritme": "pixeltranform_python", "time": "2018-08-22 01:24:53", "resulotion": 320}
{"node": "odroid", "Temp": {}, "counter": 0, "percent_cpu": [0.0, 0.0, 0.0, 0.0, 0.0, 0.0, 0.0, 0.0], "Current": 0.72, "algoritme": "after", "time": "2018-08-22 01:24:54", "resulotion": 0}
{"node": "odroid", "Temp": {}, "counter": 1, "percent_cpu": [0.0, 0.0, 0.0, 0.0, 0.0, 0.0, 0.0, 0.0], "Current": 0.674, "algoritme": "after", "time": "2018-08-22 01:24:55", "resulotion": 0}
{"node": "odroid", "Temp": {}, "counter": 2, "percent_cpu": [0.0, 0.0, 0.0, 0.0, 0.0, 0.0, 0.0, 0.0], "Current": 0.67, "algoritme": "after", "time": "2018-08-22 01:24:56", "resulotion": 0}
{"node": "odroid", "Temp": {}, "counter": 3, "percent_cpu": [0.0, 0.0, 0.0, 0.0, 0.0, 0.0, 0.0, 0.0], "Current": 0.668, "algoritme": "after", "time": "2018-08-22 01:24:57", "resulotion": 0}
{"node": "odroid", "Temp": {}, "counter": 4, "percent_cpu": [0.0, 0.0, 0.0, 0.0, 0.0, 0.0, 0.0, 0.0], "Current": 0.67, "algoritme": "after", "time": "2018-08-22 01:24:58", "resulotion": 0}
{"node": "odroid", "Temp": {}, "counter": 0, "percent_cpu": [0.0, 0.0, 0.0, 0.0, 0.0, 0.0, 0.0, 0.0], "Current": 0.668, "algoritme": "before", "time": "2018-08-22 01:25:00", "resulotion": 0}
{"node": "odroid", "Temp": {}, "counter": 1, "percent_cpu": [0.0, 0.0, 0.0, 0.0, 0.0, 0.0, 0.0, 0.0], "Current": 0.668, "algoritme": "before", "time": "2018-08-22 01:25:01", "resulotion": 0}
{"node": "odroid", "Temp": {}, "counter": 2, "percent_cpu": [0.0, 0.0, 0.0, 0.0, 0.0, 0.0, 0.0, 0.0], "Current": 0.664, "algoritme": "before", "time": "2018-08-22 01:25:02", "resulotion": 0}
{"node": "odroid", "Temp": {}, "counter": 3, "percent_cpu": [0.0, 0.0, 0.0, 0.0, 0.0, 0.0, 0.0, 0.0], "Current": 0.646, "algoritme": "before", "time": "2018-08-22 01:25:03", "resulotion": 0}
{"node": "odroid", "Temp": {}, "counter": 4, "percent_cpu": [1.0, 0.0, 0.0, 0.0, 0.0, 0.0, 0.0, 0.0], "Current": 0.658, "algoritme": "before", "time": "2018-08-22 01:25:04", "resulotion": 0}
{"node": "odroid", "Temp": {}, "counter": 0, "percent_cpu": [0.0, 0.0, 0.0, 0.0, 3.0, 9.9, 50.0, 0.0], "Current": 0.781, "algoritme": "pixeltranform_python", "time": "2018-08-22 01:25:05", "resulotion": 640}
{"node": "odroid", "Temp": {}, "counter": 1, "percent_cpu": [1.0, 0.0, 0.0, 0.0, 100.0, 1.0, 0.0, 0.0], "Current": 1.265, "algoritme": "pixeltranform_python", "time": "2018-08-22 01:25:07", "resulotion": 640}
{"node": "odroid", "Temp": {}, "counter": 2, "percent_cpu": [1.0, 0.0, 0.0, 0.0, 100.0, 0.0, 0.0, 0.0], "Current": 1.26, "algoritme": "pixeltranform_python", "time": "2018-08-22 01:25:08", "resulotion": 640}
{"node": "odroid", "Temp": {}, "counter": 3, "percent_cpu": [0.0, 0.0, 0.0, 0.0, 100.0, 0.0, 0.0, 0.0], "Current": 1.247, "algoritme": "pixeltranform_python", "time": "2018-08-22 01:25:09", "resulotion": 640}
{"node": "odroid", "Temp": {}, "counter": 4, "percent_cpu": [1.0, 0.0, 0.0, 0.0, 100.0, 0.0, 0.0, 0.0], "Current": 1.375, "algoritme": "pixeltranform_python", "time": "2018-08-22 01:25:10", "resulotion": 640}
{"node": "odroid", "Temp": {}, "counter": 5, "percent_cpu": [0.0, 0.0, 0.0, 0.0, 100.0, 0.0, 1.0, 0.0], "Current": 1.353, "algoritme": "pixeltranform_python", "time": "2018-08-22 01:25:11", "resulotion": 640}
{"node": "odroid", "Temp": {}, "counter": 6, "percent_cpu": [1.0, 0.0, 0.0, 0.0, 100.0, 1.0, 0.0, 0.0], "Current": 1.363, "algoritme": "pixeltranform_python", "time": "2018-08-22 01:25:12", "resulotion": 640}
{"node": "odroid", "Temp": {}, "counter": 7, "percent_cpu": [1.0, 0.0, 0.0, 0.0, 100.0, 0.0, 2.0, 0.0], "Current": 1.356, "algoritme": "pixeltranform_python", "time": "2018-08-22 01:25:14", "resulotion": 640}
{"node": "odroid", "Temp": {}, "counter": 8, "percent_cpu": [1.0, 0.0, 0.0, 0.0, 100.0, 0.0, 0.0, 0.0], "Current": 1.363, "algoritme": "pixeltranform_python", "time": "2018-08-22 01:25:15", "resulotion": 640}
{"node": "odroid", "Temp": {}, "counter": 9, "percent_cpu": [1.0, 0.0, 0.0, 0.0, 97.0, 5.0, 1.0, 0.0], "Current": 1.342, "algoritme": "pixeltranform_python", "time": "2018-08-22 01:25:16", "resulotion": 640}
{"node": "odroid", "Temp": {}, "counter": 10, "percent_cpu": [1.0, 0.0, 0.0, 0.0, 0.0, 100.0, 0.0, 0.0], "Current": 1.377, "algoritme": "pixeltranform_python", "time": "2018-08-22 01:25:17", "resulotion": 640}
{"node": "odroid", "Temp": {}, "counter": 11, "percent_cpu": [2.0, 5.9, 0.0, 0.0, 3.0, 1.0, 2.0, 99.0], "Current": 1.359, "algoritme": "pixeltranform_python", "time": "2018-08-22 01:25:18", "resulotion": 640}
{"node": "odroid", "Temp": {}, "counter": 12, "percent_cpu": [1.0, 0.0, 0.0, 0.0, 2.0, 1.0, 0.0, 100.0], "Current": 1.311, "algoritme": "pixeltranform_python", "time": "2018-08-22 01:25:20", "resulotion": 640}
{"node": "odroid", "Temp": {}, "counter": 13, "percent_cpu": [1.0, 0.0, 0.0, 0.0, 0.0, 0.0, 0.0, 100.0], "Current": 1.277, "algoritme": "pixeltranform_python", "time": "2018-08-22 01:25:21", "resulotion": 640}
{"node": "odroid", "Temp": {}, "counter": 14, "percent_cpu": [1.0, 0.0, 0.0, 0.0, 0.0, 0.0, 0.0, 100.0], "Current": 1.273, "algoritme": "pixeltranform_python", "time": "2018-08-22 01:25:22", "resulotion": 640}
{"node": "odroid", "Temp": {}, "counter": 15, "percent_cpu": [1.0, 0.0, 0.0, 0.0, 0.0, 0.0, 0.0, 100.0], "Current": 1.244, "algoritme": "pixeltranform_python", "time": "2018-08-22 01:25:23", "resulotion": 640}
{"node": "odroid", "Temp": {}, "counter": 16, "percent_cpu": [1.0, 0.0, 0.0, 0.0, 0.0, 0.0, 0.0, 100.0], "Current": 1.273, "algoritme": "pixeltranform_python", "time": "2018-08-22 01:25:24", "resulotion": 640}
{"node": "odroid", "Temp": {}, "counter": 17, "percent_cpu": [1.0, 0.0, 0.0, 0.0, 0.0, 0.0, 0.0, 100.0], "Current": 1.269, "algoritme": "pixeltranform_python", "time": "2018-08-22 01:25:25", "resulotion": 640}
{"node": "odroid", "Temp": {}, "counter": 18, "percent_cpu": [0.0, 0.0, 0.0, 0.0, 0.0, 0.0, 0.0, 100.0], "Current": 1.277, "algoritme": "pixeltranform_python", "time": "2018-08-22 01:25:27", "resulotion": 640}
{"node": "odroid", "Temp": {}, "counter": 19, "percent_cpu": [0.0, 0.0, 0.0, 0.0, 0.0, 0.0, 0.0, 100.0], "Current": 1.271, "algoritme": "pixeltranform_python", "time": "2018-08-22 01:25:28", "resulotion": 640}
{"node": "odroid", "Temp": {}, "counter": 20, "percent_cpu": [0.0, 0.0, 0.0, 0.0, 0.0, 0.0, 0.0, 100.0], "Current": 1.376, "algoritme": "pixeltranform_python", "time": "2018-08-22 01:25:29", "resulotion": 640}
{"node": "odroid", "Temp": {}, "counter": 21, "percent_cpu": [2.0, 2.0, 0.0, 0.0, 3.1, 9.1, 6.0, 2.0], "Current": 0.737, "algoritme": "pixeltranform_python", "time": "2018-08-22 01:25:30", "resulotion": 640}
{"node": "odroid", "Temp": {}, "counter": 0, "percent_cpu": [0.0, 0.0, 0.0, 0.0, 0.0, 0.0, 1.0, 0.0], "Current": 0.714, "algoritme": "after", "time": "2018-08-22 01:25:31", "resulotion": 0}
{"node": "odroid", "Temp": {}, "counter": 1, "percent_cpu": [0.0, 0.0, 0.0, 0.0, 2.0, 0.0, 0.0, 0.0], "Current": 0.677, "algoritme": "after", "time": "2018-08-22 01:25:32", "resulotion": 0}
{"node": "odroid", "Temp": {}, "counter": 2, "percent_cpu": [0.0, 0.0, 0.0, 0.0, 0.0, 0.0, 0.0, 0.0], "Current": 0.669, "algoritme": "after", "time": "2018-08-22 01:25:34", "resulotion": 0}
{"node": "odroid", "Temp": {}, "counter": 3, "percent_cpu": [0.0, 0.0, 0.0, 0.0, 1.0, 0.0, 0.0, 0.0], "Current": 0.653, "algoritme": "after", "time": "2018-08-22 01:25:35", "resulotion": 0}
{"node": "odroid", "Temp": {}, "counter": 4, "percent_cpu": [0.0, 0.0, 0.0, 0.0, 0.0, 0.0, 0.0, 0.0], "Current": 0.669, "algoritme": "after", "time": "2018-08-22 01:25:36", "resulotion": 0}
{"node": "odroid", "Temp": {}, "counter": 0, "percent_cpu": [0.0, 0.0, 0.0, 0.0, 0.0, 0.0, 0.0, 0.0], "Current": 0.676, "algoritme": "before", "time": "2018-08-22 01:25:37", "resulotion": 0}
{"node": "odroid", "Temp": {}, "counter": 1, "percent_cpu": [0.0, 0.0, 0.0, 0.0, 0.0, 0.0, 0.0, 0.0], "Current": 0.672, "algoritme": "before", "time": "2018-08-22 01:25:38", "resulotion": 0}
{"node": "odroid", "Temp": {}, "counter": 2, "percent_cpu": [0.0, 0.0, 0.0, 0.0, 0.0, 0.0, 0.0, 0.0], "Current": 0.672, "algoritme": "before", "time": "2018-08-22 01:25:40", "resulotion": 0}
{"node": "odroid", "Temp": {}, "counter": 3, "percent_cpu": [0.0, 0.0, 0.0, 0.0, 0.0, 0.0, 0.0, 0.0], "Current": 0.652, "algoritme": "before", "time": "2018-08-22 01:25:41", "resulotion": 0}
{"node": "odroid", "Temp": {}, "counter": 4, "percent_cpu": [0.0, 0.0, 0.0, 0.0, 0.0, 0.0, 0.0, 0.0], "Current": 0.67, "algoritme": "before", "time": "2018-08-22 01:25:42", "resulotion": 0}
{"node": "odroid", "Temp": {}, "counter": 0, "percent_cpu": [1.0, 0.0, 0.0, 0.0, 50.0, 2.0, 7.9, 0.0], "Current": 0.761, "algoritme": "pixeltranform_python", "time": "2018-08-22 01:25:43", "resulotion": 960}
{"node": "odroid", "Temp": {}, "counter": 1, "percent_cpu": [1.0, 0.0, 0.0, 0.0, 100.0, 0.0, 0.0, 0.0], "Current": 1.242, "algoritme": "pixeltranform_python", "time": "2018-08-22 01:25:44", "resulotion": 960}
{"node": "odroid", "Temp": {}, "counter": 2, "percent_cpu": [0.0, 0.0, 0.0, 0.0, 100.0, 0.0, 0.0, 0.0], "Current": 1.365, "algoritme": "pixeltranform_python", "time": "2018-08-22 01:25:45", "resulotion": 960}
{"node": "odroid", "Temp": {}, "counter": 3, "percent_cpu": [0.0, 0.0, 0.0, 0.0, 100.0, 1.0, 2.0, 0.0], "Current": 1.417, "algoritme": "pixeltranform_python", "time": "2018-08-22 01:25:47", "resulotion": 960}
{"node": "odroid", "Temp": {}, "counter": 4, "percent_cpu": [0.0, 0.0, 0.0, 0.0, 100.0, 0.0, 0.0, 0.0], "Current": 1.36, "algoritme": "pixeltranform_python", "time": "2018-08-22 01:25:48", "resulotion": 960}
{"node": "odroid", "Temp": {}, "counter": 5, "percent_cpu": [0.0, 0.0, 0.0, 0.0, 100.0, 0.0, 0.0, 0.0], "Current": 1.337, "algoritme": "pixeltranform_python", "time": "2018-08-22 01:25:49", "resulotion": 960}
{"node": "odroid", "Temp": {}, "counter": 6, "percent_cpu": [1.0, 0.0, 0.0, 0.0, 100.0, 0.0, 0.0, 0.0], "Current": 1.36, "algoritme": "pixeltranform_python", "time": "2018-08-22 01:25:50", "resulotion": 960}
{"node": "odroid", "Temp": {}, "counter": 7, "percent_cpu": [1.0, 0.0, 0.0, 0.0, 100.0, 0.0, 1.0, 0.0], "Current": 1.356, "algoritme": "pixeltranform_python", "time": "2018-08-22 01:25:51", "resulotion": 960}
{"node": "odroid", "Temp": {}, "counter": 8, "percent_cpu": [1.0, 0.0, 0.0, 0.0, 100.0, 0.0, 0.0, 0.0], "Current": 1.338, "algoritme": "pixeltranform_python", "time": "2018-08-22 01:25:52", "resulotion": 960}
{"node": "odroid", "Temp": {}, "counter": 9, "percent_cpu": [1.0, 0.0, 0.0, 0.0, 100.0, 0.0, 0.0, 0.0], "Current": 1.371, "algoritme": "pixeltranform_python", "time": "2018-08-22 01:25:53", "resulotion": 960}
{"node": "odroid", "Temp": {}, "counter": 10, "percent_cpu": [1.0, 0.0, 0.0, 0.0, 100.0, 0.0, 2.0, 0.0], "Current": 1.337, "algoritme": "pixeltranform_python", "time": "2018-08-22 01:25:55", "resulotion": 960}
{"node": "odroid", "Temp": {}, "counter": 11, "percent_cpu": [1.0, 0.0, 100.0, 0.0, 1.0, 0.0, 0.0, 0.0], "Current": 0.882, "algoritme": "pixeltranform_python", "time": "2018-08-22 01:25:56", "resulotion": 960}
{"node": "odroid", "Temp": {}, "counter": 12, "percent_cpu": [1.0, 0.0, 100.0, 0.0, 0.0, 2.0, 0.0, 0.0], "Current": 0.886, "algoritme": "pixeltranform_python", "time": "2018-08-22 01:25:57", "resulotion": 960}
{"node": "odroid", "Temp": {}, "counter": 13, "percent_cpu": [1.0, 0.0, 100.0, 0.0, 0.0, 0.0, 0.0, 0.0], "Current": 0.884, "algoritme": "pixeltranform_python", "time": "2018-08-22 01:25:58", "resulotion": 960}
{"node": "odroid", "Temp": {}, "counter": 14, "percent_cpu": [1.0, 0.0, 100.0, 0.0, 0.0, 0.0, 1.0, 0.0], "Current": 0.883, "algoritme": "pixeltranform_python", "time": "2018-08-22 01:25:59", "resulotion": 960}
{"node": "odroid", "Temp": {}, "counter": 15, "percent_cpu": [1.0, 0.0, 100.0, 0.0, 0.0, 0.0, 0.0, 0.0], "Current": 0.865, "algoritme": "pixeltranform_python", "time": "2018-08-22 01:26:00", "resulotion": 960}
{"node": "odroid", "Temp": {}, "counter": 16, "percent_cpu": [1.0, 0.0, 100.0, 0.0, 0.0, 0.0, 0.0, 0.0], "Current": 0.871, "algoritme": "pixeltranform_python", "time": "2018-08-22 01:26:02", "resulotion": 960}
{"node": "odroid", "Temp": {}, "counter": 17, "percent_cpu": [1.0, 0.0, 100.0, 0.0, 0.0, 0.0, 0.0, 0.0], "Current": 0.883, "algoritme": "pixeltranform_python", "time": "2018-08-22 01:26:03", "resulotion": 960}
{"node": "odroid", "Temp": {}, "counter": 18, "percent_cpu": [1.0, 0.0, 100.0, 0.0, 1.0, 0.0, 0.0, 0.0], "Current": 0.897, "algoritme": "pixeltranform_python", "time": "2018-08-22 01:26:04", "resulotion": 960}
{"node": "odroid", "Temp": {}, "counter": 19, "percent_cpu": [1.0, 0.0, 100.0, 0.0, 0.0, 0.0, 0.0, 0.0], "Current": 0.869, "algoritme": "pixeltranform_python", "time": "2018-08-22 01:26:05", "resulotion": 960}
{"node": "odroid", "Temp": {}, "counter": 20, "percent_cpu": [1.0, 0.0, 100.0, 0.0, 0.0, 0.0, 0.0, 0.0], "Current": 0.881, "algoritme": "pixeltranform_python", "time": "2018-08-22 01:26:06", "resulotion": 960}
{"node": "odroid", "Temp": {}, "counter": 21, "percent_cpu": [1.0, 0.0, 100.0, 0.0, 0.0, 0.0, 0.0, 0.0], "Current": 0.876, "algoritme": "pixeltranform_python", "time": "2018-08-22 01:26:07", "resulotion": 960}
{"node": "odroid", "Temp": {}, "counter": 22, "percent_cpu": [1.0, 0.0, 100.0, 0.0, 0.0, 0.0, 0.0, 0.0], "Current": 0.88, "algoritme": "pixeltranform_python", "time": "2018-08-22 01:26:09", "resulotion": 960}
{"node": "odroid", "Temp": {}, "counter": 23, "percent_cpu": [1.0, 0.0, 100.0, 0.0, 0.0, 0.0, 0.0, 0.0], "Current": 0.866, "algoritme": "pixeltranform_python", "time": "2018-08-22 01:26:10", "resulotion": 960}
{"node": "odroid", "Temp": {}, "counter": 24, "percent_cpu": [1.0, 0.0, 100.0, 0.0, 0.0, 0.0, 0.0, 0.0], "Current": 0.862, "algoritme": "pixeltranform_python", "time": "2018-08-22 01:26:11", "resulotion": 960}
{"node": "odroid", "Temp": {}, "counter": 25, "percent_cpu": [1.0, 0.0, 100.0, 0.0, 0.0, 0.0, 0.0, 0.0], "Current": 0.886, "algoritme": "pixeltranform_python", "time": "2018-08-22 01:26:12", "resulotion": 960}
{"node": "odroid", "Temp": {}, "counter": 26, "percent_cpu": [1.0, 0.0, 100.0, 0.0, 0.0, 0.0, 0.0, 0.0], "Current": 0.875, "algoritme": "pixeltranform_python", "time": "2018-08-22 01:26:13", "resulotion": 960}
{"node": "odroid", "Temp": {}, "counter": 27, "percent_cpu": [1.0, 0.0, 100.0, 0.0, 0.0, 0.0, 0.0, 0.0], "Current": 0.864, "algoritme": "pixeltranform_python", "time": "2018-08-22 01:26:14", "resulotion": 960}
{"node": "odroid", "Temp": {}, "counter": 28, "percent_cpu": [1.0, 0.0, 100.0, 0.0, 0.0, 0.0, 0.0, 0.0], "Current": 0.863, "algoritme": "pixeltranform_python", "time": "2018-08-22 01:26:16", "resulotion": 960}
{"node": "odroid", "Temp": {}, "counter": 29, "percent_cpu": [1.0, 0.0, 100.0, 0.0, 0.0, 0.0, 0.0, 0.0], "Current": 0.864, "algoritme": "pixeltranform_python", "time": "2018-08-22 01:26:17", "resulotion": 960}
{"node": "odroid", "Temp": {}, "counter": 30, "percent_cpu": [1.0, 0.0, 100.0, 0.0, 0.0, 0.0, 0.0, 0.0], "Current": 0.866, "algoritme": "pixeltranform_python", "time": "2018-08-22 01:26:18", "resulotion": 960}
{"node": "odroid", "Temp": {}, "counter": 31, "percent_cpu": [1.0, 2.0, 42.6, 0.0, 7.1, 5.0, 5.8, 5.0], "Current": 0.704, "algoritme": "pixeltranform_python", "time": "2018-08-22 01:26:19", "resulotion": 960}
{"node": "odroid", "Temp": {}, "counter": 0, "percent_cpu": [0.0, 0.0, 0.0, 0.0, 0.0, 0.0, 0.0, 0.0], "Current": 0.698, "algoritme": "after", "time": "2018-08-22 01:26:20", "resulotion": 0}
{"node": "odroid", "Temp": {}, "counter": 1, "percent_cpu": [1.0, 0.0, 0.0, 0.0, 0.0, 0.0, 0.0, 0.0], "Current": 0.668, "algoritme": "after", "time": "2018-08-22 01:26:21", "resulotion": 0}
{"node": "odroid", "Temp": {}, "counter": 2, "percent_cpu": [0.0, 0.0, 0.0, 0.0, 1.0, 0.0, 0.0, 0.0], "Current": 0.651, "algoritme": "after", "time": "2018-08-22 01:26:23", "resulotion": 0}
{"node": "odroid", "Temp": {}, "counter": 3, "percent_cpu": [0.0, 0.0, 0.0, 0.0, 0.0, 0.0, 0.0, 0.0], "Current": 0.651, "algoritme": "after", "time": "2018-08-22 01:26:24", "resulotion": 0}
{"node": "odroid", "Temp": {}, "counter": 4, "percent_cpu": [0.0, 0.0, 0.0, 0.0, 0.0, 0.0, 0.0, 0.0], "Current": 0.651, "algoritme": "after", "time": "2018-08-22 01:26:25", "resulotion": 0}
{"node": "odroid", "Temp": {}, "counter": 0, "percent_cpu": [0.0, 0.0, 0.0, 0.0, 0.0, 1.0, 5.1, 0.0], "Current": 0.661, "algoritme": "before", "time": "2018-08-22 01:26:26", "resulotion": 0}
{"node": "odroid", "Temp": {}, "counter": 1, "percent_cpu": [0.0, 0.0, 0.0, 0.0, 2.0, 0.0, 0.0, 0.0], "Current": 0.659, "algoritme": "before", "time": "2018-08-22 01:26:27", "resulotion": 0}
{"node": "odroid", "Temp": {}, "counter": 2, "percent_cpu": [0.0, 0.0, 0.0, 0.0, 0.0, 0.0, 0.0, 0.0], "Current": 0.667, "algoritme": "before", "time": "2018-08-22 01:26:28", "resulotion": 0}
{"node": "odroid", "Temp": {}, "counter": 3, "percent_cpu": [0.0, 0.0, 0.0, 0.0, 0.0, 0.0, 0.0, 0.0], "Current": 0.675, "algoritme": "before", "time": "2018-08-22 01:26:30", "resulotion": 0}
{"node": "odroid", "Temp": {}, "counter": 4, "percent_cpu": [1.0, 0.0, 0.0, 0.0, 0.0, 0.0, 0.0, 0.0], "Current": 0.676, "algoritme": "before", "time": "2018-08-22 01:26:31", "resulotion": 0}
{"node": "odroid", "Temp": {}, "counter": 0, "percent_cpu": [2.9, 1.0, 0.0, 5.0, 20.4, 3.0, 17.3, 4.0], "Current": 0.727, "algoritme": "convolv", "time": "2018-08-22 01:26:32", "resulotion": 0}
{"node": "odroid", "Temp": {}, "counter": 0, "percent_cpu": [1.0, 0.0, 0.0, 0.0, 7.9, 3.9, 2.0, 0.0], "Current": 0.87, "algoritme": "convolv", "time": "2018-08-22 01:26:33", "resulotion": 0}
{"node": "odroid", "Temp": {}, "counter": 0, "percent_cpu": [1.0, 0.0, 0.0, 0.0, 7.0, 1.0, 0.0, 0.0], "Current": 0.871, "algoritme": "convolv", "time": "2018-08-22 01:26:34", "resulotion": 0}
{"node": "odroid", "Temp": {}, "counter": 0, "percent_cpu": [1.0, 0.0, 0.0, 0.0, 8.0, 3.0, 1.0, 0.0], "Current": 0.874, "algoritme": "convolv", "time": "2018-08-22 01:26:35", "resulotion": 0}
{"node": "odroid", "Temp": {}, "counter": 0, "percent_cpu": [1.0, 0.0, 0.0, 0.0, 8.0, 2.0, 1.0, 0.0], "Current": 0.872, "algoritme": "convolv", "time": "2018-08-22 01:26:36", "resulotion": 0}
{"node": "odroid", "Temp": {}, "counter": 0, "percent_cpu": [0.0, 2.0, 0.0, 0.0, 4.0, 4.0, 1.0, 4.0], "Current": 0.729, "algoritme": "convolv", "time": "2018-08-22 01:26:38", "resulotion": 0}
{"node": "odroid", "Temp": {}, "counter": 0, "percent_cpu": [0.0, 0.0, 0.0, 0.0, 0.0, 1.0, 0.0, 0.0], "Current": 0.728, "algoritme": "after", "time": "2018-08-22 01:26:39", "resulotion": 0}
{"node": "odroid", "Temp": {}, "counter": 1, "percent_cpu": [0.0, 0.0, 0.0, 0.0, 0.0, 0.0, 0.0, 0.0], "Current": 0.68, "algoritme": "after", "time": "2018-08-22 01:26:40", "resulotion": 0}
{"node": "odroid", "Temp": {}, "counter": 2, "percent_cpu": [0.0, 0.0, 0.0, 0.0, 1.0, 0.0, 0.0, 0.0], "Current": 0.675, "algoritme": "after", "time": "2018-08-22 01:26:41", "resulotion": 0}
{"node": "odroid", "Temp": {}, "counter": 3, "percent_cpu": [0.0, 0.0, 0.0, 0.0, 1.0, 1.0, 0.0, 0.0], "Current": 0.654, "algoritme": "after", "time": "2018-08-22 01:26:42", "resulotion": 0}
{"node": "odroid", "Temp": {}, "counter": 4, "percent_cpu": [0.0, 0.0, 0.0, 0.0, 0.0, 0.0, 0.0, 0.0], "Current": 0.655, "algoritme": "after", "time": "2018-08-22 01:26:44", "resulotion": 0}
