{"resolution": 1024, "Second": 1, "Type": "Python", "algoritme": "Facedetection_python", "fps": 6}
{"resolution": 1024, "Second": 2, "Type": "Python", "algoritme": "Facedetection_python", "fps": 9}
{"resolution": 1024, "Second": 3, "Type": "Python", "algoritme": "Facedetection_python", "fps": 8}
{"resolution": 1024, "Second": 4, "Type": "Python", "algoritme": "Facedetection_python", "fps": 8}
{"resolution": 1024, "Second": 5, "Type": "Python", "algoritme": "Facedetection_python", "fps": 8}
{"resolution": 1024, "Second": 6, "Type": "Python", "algoritme": "Facedetection_python", "fps": 8}
{"resolution": 1024, "Second": 7, "Type": "Python", "algoritme": "Facedetection_python", "fps": 8}
{"resolution": 1024, "Second": 8, "Type": "Python", "algoritme": "Facedetection_python", "fps": 8}
{"resolution": 1024, "Second": 9, "Type": "Python", "algoritme": "Facedetection_python", "fps": 8}
{"resolution": 1024, "Second": 10, "Type": "Python", "algoritme": "Facedetection_python", "fps": 9}
{"resolution": 1024, "Second": 11, "Type": "Python", "algoritme": "Facedetection_python", "fps": 8}
{"resolution": 1024, "Second": 12, "Type": "Python", "algoritme": "Facedetection_python", "fps": 10}
{"resolution": 1024, "Second": 13, "Type": "Python", "algoritme": "Facedetection_python", "fps": 9}
{"resolution": 1024, "Second": 14, "Type": "Python", "algoritme": "Facedetection_python", "fps": 10}
{"resolution": 1024, "Second": 15, "Type": "Python", "algoritme": "Facedetection_python", "fps": 9}
{"resolution": 1024, "Second": 16, "Type": "Python", "algoritme": "Facedetection_python", "fps": 8}
{"resolution": 1024, "Second": 17, "Type": "Python", "algoritme": "Facedetection_python", "fps": 8}
{"resolution": 1024, "Second": 18, "Type": "Python", "algoritme": "Facedetection_python", "fps": 9}
{"resolution": 1024, "Second": 19, "Type": "Python", "algoritme": "Facedetection_python", "fps": 8}
