{"resolution": 960, "Second": 1, "Type": "Python", "algoritme": "Convolution_python", "fps": 6}
{"resolution": 960, "Second": 2, "Type": "Python", "algoritme": "Convolution_python", "fps": 7}
{"resolution": 960, "Second": 3, "Type": "Python", "algoritme": "Convolution_python", "fps": 7}
{"resolution": 960, "Second": 4, "Type": "Python", "algoritme": "Convolution_python", "fps": 6}
{"resolution": 960, "Second": 5, "Type": "Python", "algoritme": "Convolution_python", "fps": 7}
{"resolution": 960, "Second": 6, "Type": "Python", "algoritme": "Convolution_python", "fps": 7}
{"resolution": 960, "Second": 7, "Type": "Python", "algoritme": "Convolution_python", "fps": 6}
{"resolution": 960, "Second": 8, "Type": "Python", "algoritme": "Convolution_python", "fps": 7}
{"resolution": 960, "Second": 9, "Type": "Python", "algoritme": "Convolution_python", "fps": 7}
{"resolution": 960, "Second": 10, "Type": "Python", "algoritme": "Convolution_python", "fps": 7}
{"resolution": 960, "Second": 11, "Type": "Python", "algoritme": "Convolution_python", "fps": 6}
{"resolution": 960, "Second": 12, "Type": "Python", "algoritme": "Convolution_python", "fps": 7}
{"resolution": 960, "Second": 13, "Type": "Python", "algoritme": "Convolution_python", "fps": 7}
{"resolution": 960, "Second": 14, "Type": "Python", "algoritme": "Convolution_python", "fps": 6}
{"resolution": 960, "Second": 15, "Type": "Python", "algoritme": "Convolution_python", "fps": 7}
{"resolution": 960, "Second": 16, "Type": "Python", "algoritme": "Convolution_python", "fps": 7}
{"resolution": 960, "Second": 17, "Type": "Python", "algoritme": "Convolution_python", "fps": 6}
{"resolution": 960, "Second": 18, "Type": "Python", "algoritme": "Convolution_python", "fps": 7}
{"resolution": 960, "Second": 19, "Type": "Python", "algoritme": "Convolution_python", "fps": 7}
