{"resolution": 320, "Second": 1, "Type": "Python", "algoritme": "Facedetection_python", "fps": 22}
{"resolution": 320, "Second": 2, "Type": "Python", "algoritme": "Facedetection_python", "fps": 30}
{"resolution": 320, "Second": 3, "Type": "Python", "algoritme": "Facedetection_python", "fps": 29}
{"resolution": 320, "Second": 4, "Type": "Python", "algoritme": "Facedetection_python", "fps": 30}
{"resolution": 320, "Second": 5, "Type": "Python", "algoritme": "Facedetection_python", "fps": 30}
{"resolution": 320, "Second": 6, "Type": "Python", "algoritme": "Facedetection_python", "fps": 30}
{"resolution": 320, "Second": 7, "Type": "Python", "algoritme": "Facedetection_python", "fps": 30}
{"resolution": 320, "Second": 8, "Type": "Python", "algoritme": "Facedetection_python", "fps": 30}
{"resolution": 320, "Second": 9, "Type": "Python", "algoritme": "Facedetection_python", "fps": 30}
{"resolution": 320, "Second": 10, "Type": "Python", "algoritme": "Facedetection_python", "fps": 30}
{"resolution": 320, "Second": 11, "Type": "Python", "algoritme": "Facedetection_python", "fps": 29}
{"resolution": 320, "Second": 12, "Type": "Python", "algoritme": "Facedetection_python", "fps": 30}
{"resolution": 320, "Second": 13, "Type": "Python", "algoritme": "Facedetection_python", "fps": 30}
{"resolution": 320, "Second": 14, "Type": "Python", "algoritme": "Facedetection_python", "fps": 30}
{"resolution": 320, "Second": 15, "Type": "Python", "algoritme": "Facedetection_python", "fps": 30}
{"resolution": 320, "Second": 16, "Type": "Python", "algoritme": "Facedetection_python", "fps": 30}
{"resolution": 320, "Second": 17, "Type": "Python", "algoritme": "Facedetection_python", "fps": 30}
{"resolution": 320, "Second": 18, "Type": "Python", "algoritme": "Facedetection_python", "fps": 30}
{"resolution": 320, "Second": 19, "Type": "Python", "algoritme": "Facedetection_python", "fps": 29}
{"resolution": 320, "Second": 20, "Type": "Python", "algoritme": "Facedetection_python", "fps": 30}
