{"resolution": "960", "Second": 1, "Type": "linux", "algoritme": "convolv_Linux", "fps": "8"}
{"resolution": "960", "Second": 2, "Type": "linux", "algoritme": "convolv_Linux", "fps": "7"}
{"resolution": "960", "Second": 3, "Type": "linux", "algoritme": "convolv_Linux", "fps": "7"}
{"resolution": "960", "Second": 4, "Type": "linux", "algoritme": "convolv_Linux", "fps": "7"}
{"resolution": "960", "Second": 5, "Type": "linux", "algoritme": "convolv_Linux", "fps": "8"}
{"resolution": "960", "Second": 6, "Type": "linux", "algoritme": "convolv_Linux", "fps": "7"}
{"resolution": "960", "Second": 7, "Type": "linux", "algoritme": "convolv_Linux", "fps": "7"}
{"resolution": "960", "Second": 8, "Type": "linux", "algoritme": "convolv_Linux", "fps": "7"}
{"resolution": "960", "Second": 9, "Type": "linux", "algoritme": "convolv_Linux", "fps": "7"}
