{"resolution": "176", "Second": 1, "Type": "linux", "algoritme": "convolv_Linux", "fps": "21"}
{"resolution": "176", "Second": 2, "Type": "linux", "algoritme": "convolv_Linux", "fps": "30"}
{"resolution": "176", "Second": 3, "Type": "linux", "algoritme": "convolv_Linux", "fps": "30"}
{"resolution": "176", "Second": 4, "Type": "linux", "algoritme": "convolv_Linux", "fps": "30"}
{"resolution": "176", "Second": 5, "Type": "linux", "algoritme": "convolv_Linux", "fps": "30"}
{"resolution": "176", "Second": 6, "Type": "linux", "algoritme": "convolv_Linux", "fps": "30"}
{"resolution": "176", "Second": 7, "Type": "linux", "algoritme": "convolv_Linux", "fps": "30"}
{"resolution": "176", "Second": 8, "Type": "linux", "algoritme": "convolv_Linux", "fps": "29"}
{"resolution": "176", "Second": 9, "Type": "linux", "algoritme": "convolv_Linux", "fps": "30"}
{"resolution": "176", "Second": 10, "Type": "linux", "algoritme": "convolv_Linux", "fps": "30"}
