{"resolution": "320", "Second": 1, "Type": "linux", "algoritme": "facedetection_Linux", "fps": "28"}
{"resolution": "320", "Second": 2, "Type": "linux", "algoritme": "facedetection_Linux", "fps": "30"}
{"resolution": "320", "Second": 3, "Type": "linux", "algoritme": "facedetection_Linux", "fps": "30"}
{"resolution": "320", "Second": 4, "Type": "linux", "algoritme": "facedetection_Linux", "fps": "30"}
{"resolution": "320", "Second": 5, "Type": "linux", "algoritme": "facedetection_Linux", "fps": "29"}
{"resolution": "320", "Second": 6, "Type": "linux", "algoritme": "facedetection_Linux", "fps": "30"}
{"resolution": "320", "Second": 7, "Type": "linux", "algoritme": "facedetection_Linux", "fps": "30"}
{"resolution": "320", "Second": 8, "Type": "linux", "algoritme": "facedetection_Linux", "fps": "30"}
{"resolution": "320", "Second": 9, "Type": "linux", "algoritme": "facedetection_Linux", "fps": "30"}
