{"machine": "armv7l", "bits": "32bit", "os": "Linux", "node": "odroid", "cores": 8}
{"node": "odroid", "Temp": {}, "counter": 0, "percent_cpu": [12.0, 2.0, 1.0, 0.0, 91.0, 27.8, 25.3, 10.3], "Current": 1.368, "algoritme": "before", "time": "2018-08-21 08:21:40", "resulotion": 0}
{"node": "odroid", "Temp": {}, "counter": 1, "percent_cpu": [5.1, 1.0, 0.0, 0.0, 61.2, 44.9, 27.3, 17.2], "Current": 1.424, "algoritme": "before", "time": "2018-08-21 08:21:41", "resulotion": 0}
{"node": "odroid", "Temp": {}, "counter": 2, "percent_cpu": [5.0, 1.0, 0.0, 0.0, 21.6, 100.0, 13.3, 10.2], "Current": 1.359, "algoritme": "before", "time": "2018-08-21 08:21:42", "resulotion": 0}
{"node": "odroid", "Temp": {}, "counter": 3, "percent_cpu": [2.0, 1.0, 0.0, 0.0, 22.2, 74.7, 22.2, 26.3], "Current": 1.377, "algoritme": "before", "time": "2018-08-21 08:21:43", "resulotion": 0}
{"node": "odroid", "Temp": {}, "counter": 4, "percent_cpu": [4.0, 1.0, 0.0, 0.0, 99.0, 23.0, 14.0, 9.2], "Current": 1.355, "algoritme": "before", "time": "2018-08-21 08:21:45", "resulotion": 0}
{"node": "odroid", "Temp": {}, "counter": 0, "percent_cpu": [8.2, 4.0, 1.0, 2.0, 93.1, 25.5, 60.6, 33.3], "Current": 1.439, "algoritme": "facedetection_python", "time": "2018-08-21 08:21:46", "resulotion": 144}
{"node": "odroid", "Temp": {}, "counter": 1, "percent_cpu": [75.0, 57.4, 53.1, 53.5, 73.0, 72.7, 52.0, 50.5], "Current": 2.08, "algoritme": "facedetection_python", "time": "2018-08-21 08:21:47", "resulotion": 144}
{"node": "odroid", "Temp": {}, "counter": 2, "percent_cpu": [63.6, 58.6, 59.4, 55.0, 47.9, 82.0, 67.7, 49.0], "Current": 2.234, "algoritme": "facedetection_python", "time": "2018-08-21 08:21:48", "resulotion": 144}
{"node": "odroid", "Temp": {}, "counter": 3, "percent_cpu": [65.0, 54.0, 54.5, 60.4, 52.0, 76.0, 60.6, 64.6], "Current": 2.173, "algoritme": "facedetection_python", "time": "2018-08-21 08:21:49", "resulotion": 144}
{"node": "odroid", "Temp": {}, "counter": 4, "percent_cpu": [77.6, 63.9, 68.7, 62.6, 82.0, 65.7, 69.4, 62.4], "Current": 2.317, "algoritme": "facedetection_python", "time": "2018-08-21 08:21:50", "resulotion": 144}
{"node": "odroid", "Temp": {}, "counter": 0, "percent_cpu": [5.1, 3.0, 0.0, 0.0, 38.0, 78.0, 29.0, 19.6], "Current": 1.445, "algoritme": "after", "time": "2018-08-21 08:21:52", "resulotion": 0}
{"node": "odroid", "Temp": {}, "counter": 1, "percent_cpu": [16.0, 0.0, 1.0, 0.0, 49.5, 53.5, 24.0, 12.0], "Current": 1.457, "algoritme": "after", "time": "2018-08-21 08:21:53", "resulotion": 0}
{"node": "odroid", "Temp": {}, "counter": 2, "percent_cpu": [6.9, 5.1, 0.0, 0.0, 58.8, 39.0, 19.0, 23.5], "Current": 1.372, "algoritme": "after", "time": "2018-08-21 08:21:54", "resulotion": 0}
{"node": "odroid", "Temp": {}, "counter": 3, "percent_cpu": [4.1, 2.0, 1.0, 1.0, 73.0, 42.9, 24.5, 11.1], "Current": 1.34, "algoritme": "after", "time": "2018-08-21 08:21:55", "resulotion": 0}
{"node": "odroid", "Temp": {}, "counter": 4, "percent_cpu": [11.1, 2.0, 2.0, 0.0, 22.2, 75.0, 21.0, 17.0], "Current": 1.358, "algoritme": "after", "time": "2018-08-21 08:21:56", "resulotion": 0}
{"node": "odroid", "Temp": {}, "counter": 0, "percent_cpu": [3.1, 0.0, 1.0, 1.0, 57.1, 70.7, 22.0, 13.0], "Current": 1.352, "algoritme": "before", "time": "2018-08-21 08:21:58", "resulotion": 0}
{"node": "odroid", "Temp": {}, "counter": 1, "percent_cpu": [5.0, 2.0, 0.0, 1.0, 75.2, 29.6, 29.0, 11.1], "Current": 1.319, "algoritme": "before", "time": "2018-08-21 08:21:59", "resulotion": 0}
{"node": "odroid", "Temp": {}, "counter": 2, "percent_cpu": [5.1, 4.0, 1.0, 0.0, 59.2, 51.5, 23.0, 9.3], "Current": 1.334, "algoritme": "before", "time": "2018-08-21 08:22:00", "resulotion": 0}
{"node": "odroid", "Temp": {}, "counter": 3, "percent_cpu": [3.1, 2.0, 0.0, 0.0, 82.2, 25.2, 23.7, 18.0], "Current": 1.385, "algoritme": "before", "time": "2018-08-21 08:22:01", "resulotion": 0}
{"node": "odroid", "Temp": {}, "counter": 4, "percent_cpu": [5.9, 2.0, 0.0, 0.0, 53.9, 58.4, 22.0, 12.2], "Current": 1.35, "algoritme": "before", "time": "2018-08-21 08:22:02", "resulotion": 0}
{"node": "odroid", "Temp": {}, "counter": 0, "percent_cpu": [13.0, 1.0, 3.9, 1.0, 93.1, 34.3, 24.2, 31.6], "Current": 1.438, "algoritme": "facedetection", "time": "2018-08-21 08:22:03", "resulotion": 0}
{"node": "odroid", "Temp": {}, "counter": 0, "percent_cpu": [16.8, 8.0, 13.0, 1.0, 34.3, 59.4, 40.0, 25.3], "Current": 1.669, "algoritme": "facedetection", "time": "2018-08-21 08:22:05", "resulotion": 0}
{"node": "odroid", "Temp": {}, "counter": 0, "percent_cpu": [12.2, 7.0, 4.0, 1.0, 39.8, 61.0, 33.3, 23.5], "Current": 1.6, "algoritme": "facedetection", "time": "2018-08-21 08:22:06", "resulotion": 0}
{"node": "odroid", "Temp": {}, "counter": 0, "percent_cpu": [14.1, 7.0, 2.0, 1.0, 64.9, 55.6, 16.2, 18.0], "Current": 1.557, "algoritme": "facedetection", "time": "2018-08-21 08:22:07", "resulotion": 0}
{"node": "odroid", "Temp": {}, "counter": 0, "percent_cpu": [12.4, 6.1, 3.0, 2.0, 68.3, 46.9, 20.2, 21.8], "Current": 1.653, "algoritme": "facedetection", "time": "2018-08-21 08:22:08", "resulotion": 0}
{"node": "odroid", "Temp": {}, "counter": 0, "percent_cpu": [14.1, 8.0, 2.0, 3.0, 94.1, 24.2, 22.4, 14.1], "Current": 1.586, "algoritme": "facedetection", "time": "2018-08-21 08:22:09", "resulotion": 0}
{"node": "odroid", "Temp": {}, "counter": 0, "percent_cpu": [33.7, 25.0, 21.0, 19.2, 65.3, 70.6, 33.7, 34.3], "Current": 1.609, "algoritme": "facedetection", "time": "2018-08-21 08:22:10", "resulotion": 0}
{"node": "odroid", "Temp": {}, "counter": 0, "percent_cpu": [14.3, 11.0, 2.0, 2.0, 36.6, 72.0, 44.4, 26.7], "Current": 1.603, "algoritme": "facedetection", "time": "2018-08-21 08:22:12", "resulotion": 0}
{"node": "odroid", "Temp": {}, "counter": 0, "percent_cpu": [16.0, 6.9, 2.0, 1.0, 85.9, 25.5, 17.5, 25.5], "Current": 1.58, "algoritme": "facedetection", "time": "2018-08-21 08:22:13", "resulotion": 0}
{"node": "odroid", "Temp": {}, "counter": 0, "percent_cpu": [13.9, 9.9, 4.0, 18.6, 60.4, 53.1, 30.0, 16.8], "Current": 1.588, "algoritme": "facedetection", "time": "2018-08-21 08:22:14", "resulotion": 0}
{"node": "odroid", "Temp": {}, "counter": 0, "percent_cpu": [3.1, 0.0, 0.0, 0.0, 32.7, 73.3, 25.0, 11.3], "Current": 1.375, "algoritme": "after", "time": "2018-08-21 08:22:15", "resulotion": 0}
{"node": "odroid", "Temp": {}, "counter": 1, "percent_cpu": [4.0, 0.0, 19.6, 0.0, 55.0, 35.6, 18.2, 12.4], "Current": 1.466, "algoritme": "after", "time": "2018-08-21 08:22:16", "resulotion": 0}
{"node": "odroid", "Temp": {}, "counter": 2, "percent_cpu": [4.0, 2.0, 0.0, 0.0, 48.5, 60.0, 22.5, 17.0], "Current": 1.356, "algoritme": "after", "time": "2018-08-21 08:22:17", "resulotion": 0}
{"node": "odroid", "Temp": {}, "counter": 3, "percent_cpu": [5.1, 2.0, 0.0, 0.0, 52.0, 55.4, 22.8, 19.2], "Current": 1.367, "algoritme": "after", "time": "2018-08-21 08:22:19", "resulotion": 0}
{"node": "odroid", "Temp": {}, "counter": 4, "percent_cpu": [21.2, 2.0, 1.0, 1.0, 27.6, 47.5, 24.5, 25.0], "Current": 1.414, "algoritme": "after", "time": "2018-08-21 08:22:20", "resulotion": 0}
{"node": "odroid", "Temp": {}, "counter": 0, "percent_cpu": [8.2, 1.0, 0.0, 1.0, 26.5, 55.0, 45.0, 22.7], "Current": 1.331, "algoritme": "before", "time": "2018-08-21 08:22:21", "resulotion": 0}
{"node": "odroid", "Temp": {}, "counter": 1, "percent_cpu": [5.1, 0.0, 0.0, 0.0, 87.8, 26.5, 9.6, 16.5], "Current": 1.382, "algoritme": "before", "time": "2018-08-21 08:22:22", "resulotion": 0}
{"node": "odroid", "Temp": {}, "counter": 2, "percent_cpu": [5.1, 0.0, 0.0, 0.0, 99.0, 19.8, 13.3, 13.6], "Current": 1.361, "algoritme": "before", "time": "2018-08-21 08:22:23", "resulotion": 0}
{"node": "odroid", "Temp": {}, "counter": 3, "percent_cpu": [5.0, 1.0, 1.0, 1.0, 97.0, 20.2, 12.2, 13.9], "Current": 1.407, "algoritme": "before", "time": "2018-08-21 08:22:24", "resulotion": 0}
{"node": "odroid", "Temp": {}, "counter": 4, "percent_cpu": [4.0, 1.0, 0.0, 0.0, 100.0, 23.2, 15.2, 12.2], "Current": 1.418, "algoritme": "before", "time": "2018-08-21 08:22:26", "resulotion": 0}
{"node": "odroid", "Temp": {}, "counter": 0, "percent_cpu": [11.9, 3.0, 2.0, 1.0, 90.0, 29.8, 40.6, 27.7], "Current": 1.497, "algoritme": "facedetection", "time": "2018-08-21 08:22:27", "resulotion": 0}
{"node": "odroid", "Temp": {}, "counter": 0, "percent_cpu": [21.2, 13.9, 12.7, 11.9, 67.4, 52.0, 40.6, 23.0], "Current": 1.76, "algoritme": "facedetection", "time": "2018-08-21 08:22:28", "resulotion": 0}
{"node": "odroid", "Temp": {}, "counter": 0, "percent_cpu": [23.8, 14.1, 13.7, 10.7, 91.1, 31.6, 34.3, 22.0], "Current": 1.763, "algoritme": "facedetection", "time": "2018-08-21 08:22:29", "resulotion": 0}
{"node": "odroid", "Temp": {}, "counter": 0, "percent_cpu": [26.5, 13.9, 15.2, 13.9, 34.3, 84.7, 39.0, 23.5], "Current": 1.73, "algoritme": "facedetection", "time": "2018-08-21 08:22:30", "resulotion": 0}
{"node": "odroid", "Temp": {}, "counter": 0, "percent_cpu": [41.4, 13.9, 12.7, 12.9, 28.3, 74.0, 26.0, 20.0], "Current": 1.784, "algoritme": "facedetection", "time": "2018-08-21 08:22:32", "resulotion": 0}
{"node": "odroid", "Temp": {}, "counter": 0, "percent_cpu": [44.0, 33.0, 31.0, 29.3, 75.3, 56.7, 46.4, 43.6], "Current": 2.307, "algoritme": "facedetection", "time": "2018-08-21 08:22:33", "resulotion": 0}
{"node": "odroid", "Temp": {}, "counter": 0, "percent_cpu": [27.0, 25.3, 16.3, 13.7, 86.0, 38.2, 32.0, 21.0], "Current": 1.762, "algoritme": "facedetection", "time": "2018-08-21 08:22:34", "resulotion": 0}
{"node": "odroid", "Temp": {}, "counter": 0, "percent_cpu": [22.8, 14.7, 26.3, 9.0, 46.7, 59.4, 30.6, 22.4], "Current": 1.673, "algoritme": "facedetection", "time": "2018-08-21 08:22:35", "resulotion": 0}
{"node": "odroid", "Temp": {}, "counter": 0, "percent_cpu": [21.4, 15.0, 13.7, 9.1, 59.4, 67.6, 29.4, 26.2], "Current": 1.675, "algoritme": "facedetection", "time": "2018-08-21 08:22:36", "resulotion": 0}
{"node": "odroid", "Temp": {}, "counter": 0, "percent_cpu": [14.1, 7.1, 8.0, 7.0, 61.2, 56.3, 28.1, 33.3], "Current": 1.64, "algoritme": "facedetection", "time": "2018-08-21 08:22:37", "resulotion": 0}
{"node": "odroid", "Temp": {}, "counter": 0, "percent_cpu": [13.3, 3.0, 1.0, 0.0, 74.0, 29.6, 22.5, 12.9], "Current": 1.462, "algoritme": "after", "time": "2018-08-21 08:22:38", "resulotion": 0}
{"node": "odroid", "Temp": {}, "counter": 1, "percent_cpu": [21.4, 0.0, 0.0, 0.0, 73.0, 29.6, 14.0, 11.9], "Current": 1.385, "algoritme": "after", "time": "2018-08-21 08:22:40", "resulotion": 0}
{"node": "odroid", "Temp": {}, "counter": 2, "percent_cpu": [4.0, 1.0, 0.0, 1.0, 41.4, 74.0, 18.6, 10.2], "Current": 1.353, "algoritme": "after", "time": "2018-08-21 08:22:41", "resulotion": 0}
{"node": "odroid", "Temp": {}, "counter": 3, "percent_cpu": [4.0, 2.0, 1.0, 0.0, 52.0, 66.3, 16.3, 12.1], "Current": 1.36, "algoritme": "after", "time": "2018-08-21 08:22:42", "resulotion": 0}
{"node": "odroid", "Temp": {}, "counter": 4, "percent_cpu": [5.9, 1.0, 0.0, 1.0, 99.0, 22.2, 15.7, 13.7], "Current": 1.438, "algoritme": "after", "time": "2018-08-21 08:22:43", "resulotion": 0}
{"node": "odroid", "Temp": {}, "counter": 0, "percent_cpu": [19.2, 1.0, 0.0, 0.0, 41.0, 64.4, 22.9, 14.1], "Current": 1.326, "algoritme": "before", "time": "2018-08-21 08:22:44", "resulotion": 0}
{"node": "odroid", "Temp": {}, "counter": 1, "percent_cpu": [23.5, 2.0, 2.0, 0.0, 80.0, 19.2, 14.7, 11.9], "Current": 1.364, "algoritme": "before", "time": "2018-08-21 08:22:46", "resulotion": 0}
{"node": "odroid", "Temp": {}, "counter": 2, "percent_cpu": [15.0, 1.0, 0.0, 1.0, 76.5, 32.0, 15.0, 11.1], "Current": 1.329, "algoritme": "before", "time": "2018-08-21 08:22:47", "resulotion": 0}
{"node": "odroid", "Temp": {}, "counter": 3, "percent_cpu": [2.0, 0.0, 0.0, 0.0, 96.0, 25.5, 13.1, 9.2], "Current": 1.343, "algoritme": "before", "time": "2018-08-21 08:22:48", "resulotion": 0}
{"node": "odroid", "Temp": {}, "counter": 4, "percent_cpu": [4.0, 1.0, 0.0, 0.0, 77.6, 44.6, 13.3, 14.9], "Current": 1.363, "algoritme": "before", "time": "2018-08-21 08:22:49", "resulotion": 0}
{"node": "odroid", "Temp": {}, "counter": 0, "percent_cpu": [20.2, 5.0, 6.0, 2.0, 49.5, 50.5, 59.2, 20.4], "Current": 1.463, "algoritme": "facedetection", "time": "2018-08-21 08:22:50", "resulotion": 0}
{"node": "odroid", "Temp": {}, "counter": 0, "percent_cpu": [59.6, 57.8, 49.0, 55.0, 74.5, 51.5, 58.4, 53.1], "Current": 2.097, "algoritme": "facedetection", "time": "2018-08-21 08:22:51", "resulotion": 0}
{"node": "odroid", "Temp": {}, "counter": 0, "percent_cpu": [62.4, 52.6, 52.5, 40.4, 56.4, 69.3, 62.6, 47.5], "Current": 2.102, "algoritme": "facedetection", "time": "2018-08-21 08:22:53", "resulotion": 0}
{"node": "odroid", "Temp": {}, "counter": 0, "percent_cpu": [61.4, 53.5, 46.5, 50.5, 86.7, 49.5, 45.9, 53.1], "Current": 2.147, "algoritme": "facedetection", "time": "2018-08-21 08:22:54", "resulotion": 0}
{"node": "odroid", "Temp": {}, "counter": 0, "percent_cpu": [60.0, 52.5, 50.5, 51.5, 74.0, 60.2, 49.5, 46.9], "Current": 2.15, "algoritme": "facedetection", "time": "2018-08-21 08:22:55", "resulotion": 0}
{"node": "odroid", "Temp": {}, "counter": 0, "percent_cpu": [64.3, 56.0, 51.0, 51.5, 60.6, 88.8, 67.6, 60.4], "Current": 1.982, "algoritme": "facedetection", "time": "2018-08-21 08:22:56", "resulotion": 0}
{"node": "odroid", "Temp": {}, "counter": 0, "percent_cpu": [58.8, 44.9, 51.5, 45.5, 71.0, 57.0, 43.0, 58.8], "Current": 2.068, "algoritme": "facedetection", "time": "2018-08-21 08:22:57", "resulotion": 0}
{"node": "odroid", "Temp": {}, "counter": 0, "percent_cpu": [55.0, 54.3, 49.0, 37.9, 83.0, 44.0, 50.5, 50.5], "Current": 2.185, "algoritme": "facedetection", "time": "2018-08-21 08:22:58", "resulotion": 0}
{"node": "odroid", "Temp": {}, "counter": 0, "percent_cpu": [56.6, 53.0, 50.5, 49.0, 73.7, 56.4, 57.3, 51.5], "Current": 2.149, "algoritme": "facedetection", "time": "2018-08-21 08:23:00", "resulotion": 0}
{"node": "odroid", "Temp": {}, "counter": 0, "percent_cpu": [8.1, 5.9, 1.0, 0.0, 99.0, 29.6, 17.9, 25.7], "Current": 1.423, "algoritme": "facedetection", "time": "2018-08-21 08:23:01", "resulotion": 0}
{"node": "odroid", "Temp": {}, "counter": 0, "percent_cpu": [4.1, 1.0, 1.0, 1.0, 47.5, 61.0, 30.0, 7.4], "Current": 1.407, "algoritme": "after", "time": "2018-08-21 08:23:02", "resulotion": 0}
{"node": "odroid", "Temp": {}, "counter": 1, "percent_cpu": [4.0, 1.0, 0.0, 0.0, 59.4, 59.8, 18.2, 10.2], "Current": 1.377, "algoritme": "after", "time": "2018-08-21 08:23:03", "resulotion": 0}
{"node": "odroid", "Temp": {}, "counter": 2, "percent_cpu": [3.0, 0.0, 0.0, 0.0, 27.3, 81.8, 25.5, 11.1], "Current": 1.394, "algoritme": "after", "time": "2018-08-21 08:23:04", "resulotion": 0}
{"node": "odroid", "Temp": {}, "counter": 3, "percent_cpu": [5.9, 1.0, 0.0, 0.0, 50.0, 62.7, 23.7, 14.9], "Current": 1.384, "algoritme": "after", "time": "2018-08-21 08:23:05", "resulotion": 0}
{"node": "odroid", "Temp": {}, "counter": 4, "percent_cpu": [3.1, 0.0, 0.0, 0.0, 73.3, 32.3, 18.8, 17.3], "Current": 1.391, "algoritme": "after", "time": "2018-08-21 08:23:07", "resulotion": 0}
{"node": "odroid", "Temp": {}, "counter": 0, "percent_cpu": [4.1, 2.0, 0.0, 0.0, 28.7, 76.2, 25.3, 27.3], "Current": 1.371, "algoritme": "before", "time": "2018-08-21 08:23:08", "resulotion": 0}
{"node": "odroid", "Temp": {}, "counter": 1, "percent_cpu": [3.1, 1.0, 0.0, 1.0, 58.8, 63.3, 16.7, 12.0], "Current": 1.28, "algoritme": "before", "time": "2018-08-21 08:23:09", "resulotion": 0}
{"node": "odroid", "Temp": {}, "counter": 2, "percent_cpu": [6.9, 2.0, 1.0, 1.0, 69.0, 51.0, 15.7, 9.2], "Current": 1.335, "algoritme": "before", "time": "2018-08-21 08:23:10", "resulotion": 0}
{"node": "odroid", "Temp": {}, "counter": 3, "percent_cpu": [2.0, 0.0, 1.0, 0.0, 42.3, 52.5, 31.3, 19.2], "Current": 1.335, "algoritme": "before", "time": "2018-08-21 08:23:11", "resulotion": 0}
{"node": "odroid", "Temp": {}, "counter": 4, "percent_cpu": [5.0, 2.0, 1.0, 0.0, 92.9, 20.6, 20.4, 11.1], "Current": 1.405, "algoritme": "before", "time": "2018-08-21 08:23:12", "resulotion": 0}
{"node": "odroid", "Temp": {}, "counter": 0, "percent_cpu": [13.9, 5.1, 7.7, 4.0, 59.4, 74.7, 26.8, 32.0], "Current": 1.469, "algoritme": "facedetection", "time": "2018-08-21 08:23:14", "resulotion": 0}
{"node": "odroid", "Temp": {}, "counter": 0, "percent_cpu": [77.0, 53.5, 58.0, 49.0, 54.5, 64.0, 43.9, 52.0], "Current": 2.329, "algoritme": "facedetection", "time": "2018-08-21 08:23:15", "resulotion": 0}
{"node": "odroid", "Temp": {}, "counter": 0, "percent_cpu": [60.2, 69.6, 44.0, 39.6, 99.0, 43.3, 51.5, 55.4], "Current": 2.249, "algoritme": "facedetection", "time": "2018-08-21 08:23:16", "resulotion": 0}
{"node": "odroid", "Temp": {}, "counter": 0, "percent_cpu": [58.8, 57.4, 57.4, 45.5, 57.7, 69.0, 69.3, 57.1], "Current": 2.043, "algoritme": "facedetection", "time": "2018-08-21 08:23:17", "resulotion": 0}
{"node": "odroid", "Temp": {}, "counter": 0, "percent_cpu": [73.3, 67.7, 66.7, 87.4, 70.1, 71.8, 69.4, 70.6], "Current": 2.406, "algoritme": "facedetection", "time": "2018-08-21 08:23:18", "resulotion": 0}
{"node": "odroid", "Temp": {}, "counter": 0, "percent_cpu": [62.4, 56.6, 65.0, 54.5, 46.3, 62.6, 63.6, 64.0], "Current": 2.27, "algoritme": "facedetection", "time": "2018-08-21 08:23:20", "resulotion": 0}
{"node": "odroid", "Temp": {}, "counter": 0, "percent_cpu": [59.0, 57.4, 53.5, 46.0, 56.1, 84.8, 58.2, 55.0], "Current": 1.996, "algoritme": "facedetection", "time": "2018-08-21 08:23:21", "resulotion": 0}
{"node": "odroid", "Temp": {}, "counter": 0, "percent_cpu": [62.2, 55.1, 50.0, 47.5, 52.5, 80.0, 65.3, 54.5], "Current": 2.322, "algoritme": "facedetection", "time": "2018-08-21 08:23:22", "resulotion": 0}
{"node": "odroid", "Temp": {}, "counter": 0, "percent_cpu": [70.0, 63.0, 58.2, 43.4, 37.8, 63.0, 65.3, 52.0], "Current": 2.162, "algoritme": "facedetection", "time": "2018-08-21 08:23:23", "resulotion": 0}
{"node": "odroid", "Temp": {}, "counter": 0, "percent_cpu": [50.0, 41.2, 37.4, 32.7, 63.6, 61.6, 61.6, 48.0], "Current": 1.688, "algoritme": "facedetection", "time": "2018-08-21 08:23:24", "resulotion": 0}
{"node": "odroid", "Temp": {}, "counter": 0, "percent_cpu": [7.1, 2.0, 1.0, 1.0, 66.0, 49.5, 15.3, 20.8], "Current": 1.417, "algoritme": "after", "time": "2018-08-21 08:23:25", "resulotion": 0}
{"node": "odroid", "Temp": {}, "counter": 1, "percent_cpu": [6.0, 1.0, 0.0, 0.0, 84.8, 38.4, 19.4, 10.1], "Current": 1.536, "algoritme": "after", "time": "2018-08-21 08:23:26", "resulotion": 0}
{"node": "odroid", "Temp": {}, "counter": 2, "percent_cpu": [4.0, 1.0, 1.0, 0.0, 58.6, 52.5, 20.4, 14.9], "Current": 1.411, "algoritme": "after", "time": "2018-08-21 08:23:28", "resulotion": 0}
{"node": "odroid", "Temp": {}, "counter": 3, "percent_cpu": [12.2, 1.0, 1.0, 1.0, 33.3, 69.0, 20.2, 12.0], "Current": 1.367, "algoritme": "after", "time": "2018-08-21 08:23:29", "resulotion": 0}
{"node": "odroid", "Temp": {}, "counter": 4, "percent_cpu": [5.0, 2.0, 1.0, 1.0, 32.3, 71.0, 17.2, 23.5], "Current": 1.4, "algoritme": "after", "time": "2018-08-21 08:23:30", "resulotion": 0}
