{"resolution": "1024", "Second": 1, "Type": "linux", "algoritme": "facedetection_Linux", "fps": "9"}
{"resolution": "1024", "Second": 2, "Type": "linux", "algoritme": "facedetection_Linux", "fps": "8"}
{"resolution": "1024", "Second": 3, "Type": "linux", "algoritme": "facedetection_Linux", "fps": "8"}
{"resolution": "1024", "Second": 4, "Type": "linux", "algoritme": "facedetection_Linux", "fps": "7"}
{"resolution": "1024", "Second": 5, "Type": "linux", "algoritme": "facedetection_Linux", "fps": "9"}
{"resolution": "1024", "Second": 6, "Type": "linux", "algoritme": "facedetection_Linux", "fps": "8"}
{"resolution": "1024", "Second": 7, "Type": "linux", "algoritme": "facedetection_Linux", "fps": "9"}
{"resolution": "1024", "Second": 8, "Type": "linux", "algoritme": "facedetection_Linux", "fps": "8"}
{"resolution": "1024", "Second": 9, "Type": "linux", "algoritme": "facedetection_Linux", "fps": "8"}
