{"resolution": "640", "Second": 1, "Type": "linux", "algoritme": "facedetection_Linux", "fps": "8"}
{"resolution": "640", "Second": 2, "Type": "linux", "algoritme": "facedetection_Linux", "fps": "15"}
{"resolution": "640", "Second": 3, "Type": "linux", "algoritme": "facedetection_Linux", "fps": "16"}
{"resolution": "640", "Second": 4, "Type": "linux", "algoritme": "facedetection_Linux", "fps": "16"}
{"resolution": "640", "Second": 5, "Type": "linux", "algoritme": "facedetection_Linux", "fps": "15"}
{"resolution": "640", "Second": 6, "Type": "linux", "algoritme": "facedetection_Linux", "fps": "14"}
{"resolution": "640", "Second": 7, "Type": "linux", "algoritme": "facedetection_Linux", "fps": "16"}
{"resolution": "640", "Second": 8, "Type": "linux", "algoritme": "facedetection_Linux", "fps": "15"}
{"resolution": "640", "Second": 9, "Type": "linux", "algoritme": "facedetection_Linux", "fps": "15"}
