{"resolution": "220", "Second": 1, "Type": "linux", "algoritme": "facedetection_Linux", "fps": "15"}
{"resolution": "220", "Second": 2, "Type": "linux", "algoritme": "facedetection_Linux", "fps": "15"}
{"resolution": "220", "Second": 3, "Type": "linux", "algoritme": "facedetection_Linux", "fps": "15"}
{"resolution": "220", "Second": 4, "Type": "linux", "algoritme": "facedetection_Linux", "fps": "15"}
{"resolution": "220", "Second": 5, "Type": "linux", "algoritme": "facedetection_Linux", "fps": "15"}
{"resolution": "220", "Second": 6, "Type": "linux", "algoritme": "facedetection_Linux", "fps": "15"}
{"resolution": "220", "Second": 7, "Type": "linux", "algoritme": "facedetection_Linux", "fps": "15"}
{"resolution": "220", "Second": 8, "Type": "linux", "algoritme": "facedetection_Linux", "fps": "15"}
{"resolution": "220", "Second": 9, "Type": "linux", "algoritme": "facedetection_Linux", "fps": "15"}
{"resolution": "220", "Second": 10, "Type": "linux", "algoritme": "facedetection_Linux", "fps": "15"}
