{"node": "tegra-ubuntu", "ratioCalTime": "71.6451", "Type": "linux", "Second": 1, "algoritme": "convolv20_Linux", "fps": "18", "resolution": "320"}
{"node": "tegra-ubuntu", "ratioCalTime": "71.6451", "Type": "linux", "Second": 2, "algoritme": "convolv20_Linux", "fps": "24", "resolution": "320"}
{"node": "tegra-ubuntu", "ratioCalTime": "71.6451", "Type": "linux", "Second": 3, "algoritme": "convolv20_Linux", "fps": "23", "resolution": "320"}
{"node": "tegra-ubuntu", "ratioCalTime": "71.6451", "Type": "linux", "Second": 4, "algoritme": "convolv20_Linux", "fps": "24", "resolution": "320"}
{"node": "tegra-ubuntu", "ratioCalTime": "71.6451", "Type": "linux", "Second": 5, "algoritme": "convolv20_Linux", "fps": "23", "resolution": "320"}
{"node": "tegra-ubuntu", "ratioCalTime": "71.6451", "Type": "linux", "Second": 6, "algoritme": "convolv20_Linux", "fps": "25", "resolution": "320"}
{"node": "tegra-ubuntu", "ratioCalTime": "71.6451", "Type": "linux", "Second": 7, "algoritme": "convolv20_Linux", "fps": "24", "resolution": "320"}
{"node": "tegra-ubuntu", "ratioCalTime": "71.6451", "Type": "linux", "Second": 8, "algoritme": "convolv20_Linux", "fps": "23", "resolution": "320"}
{"node": "tegra-ubuntu", "ratioCalTime": "71.6451", "Type": "linux", "Second": 9, "algoritme": "convolv20_Linux", "fps": "24", "resolution": "320"}
{"node": "tegra-ubuntu", "ratioCalTime": "71.6451", "Type": "linux", "Second": 10, "algoritme": "convolv20_Linux", "fps": "25", "resolution": "320"}
{"node": "tegra-ubuntu", "ratioCalTime": "71.6451", "Type": "linux", "Second": 11, "algoritme": "convolv20_Linux", "fps": "24", "resolution": "320"}
{"node": "tegra-ubuntu", "ratioCalTime": "71.6451", "Type": "linux", "Second": 12, "algoritme": "convolv20_Linux", "fps": "24", "resolution": "320"}
{"node": "tegra-ubuntu", "ratioCalTime": "71.6451", "Type": "linux", "Second": 13, "algoritme": "convolv20_Linux", "fps": "24", "resolution": "320"}
{"node": "tegra-ubuntu", "ratioCalTime": "71.6451", "Type": "linux", "Second": 14, "algoritme": "convolv20_Linux", "fps": "24", "resolution": "320"}
{"node": "tegra-ubuntu", "ratioCalTime": "71.6451", "Type": "linux", "Second": 15, "algoritme": "convolv20_Linux", "fps": "24", "resolution": "320"}
{"node": "tegra-ubuntu", "ratioCalTime": "71.6451", "Type": "linux", "Second": 16, "algoritme": "convolv20_Linux", "fps": "25", "resolution": "320"}
{"node": "tegra-ubuntu", "ratioCalTime": "71.6451", "Type": "linux", "Second": 17, "algoritme": "convolv20_Linux", "fps": "23", "resolution": "320"}
{"node": "tegra-ubuntu", "ratioCalTime": "71.6451", "Type": "linux", "Second": 18, "algoritme": "convolv20_Linux", "fps": "24", "resolution": "320"}
{"node": "tegra-ubuntu", "ratioCalTime": "71.6451", "Type": "linux", "Second": 19, "algoritme": "convolv20_Linux", "fps": "24", "resolution": "320"}
