{"machine": "AMD64", "bits": "64bit", "os": "Windows", "node": "LAPTOP-TPLGCH9G", "cores": 4}
{"node": "LAPTOP-TPLGCH9G", "counter": 0, "percent_cpu": [21.9, 42.2, 21.9, 25.0], "Current": 99999, "algoritme": "before", "time": "2018-08-21 08:52:26", "resulotion": 0}
{"node": "LAPTOP-TPLGCH9G", "counter": 1, "percent_cpu": [20.3, 6.3, 23.4, 56.3], "Current": 99999, "algoritme": "before", "time": "2018-08-21 08:52:27", "resulotion": 0}
{"node": "LAPTOP-TPLGCH9G", "counter": 2, "percent_cpu": [14.1, 18.8, 9.4, 29.7], "Current": 99999, "algoritme": "before", "time": "2018-08-21 08:52:28", "resulotion": 0}
{"node": "LAPTOP-TPLGCH9G", "counter": 3, "percent_cpu": [9.4, 7.8, 4.7, 9.4], "Current": 99999, "algoritme": "before", "time": "2018-08-21 08:52:29", "resulotion": 0}
{"node": "LAPTOP-TPLGCH9G", "counter": 4, "percent_cpu": [6.2, 4.7, 9.4, 10.9], "Current": 99999, "algoritme": "before", "time": "2018-08-21 08:52:30", "resulotion": 0}
{"node": "LAPTOP-TPLGCH9G", "counter": 0, "percent_cpu": [44.4, 34.4, 43.8, 30.2], "Current": 99999, "algoritme": "facedetection_python", "time": "2018-08-21 08:52:31", "resulotion": 144}
{"node": "LAPTOP-TPLGCH9G", "counter": 1, "percent_cpu": [29.7, 25.0, 26.6, 27.7], "Current": 99999, "algoritme": "facedetection_python", "time": "2018-08-21 08:52:32", "resulotion": 144}
{"node": "LAPTOP-TPLGCH9G", "counter": 1, "percent_cpu": [40.0, 31.3, 45.3, 45.3], "Current": 99999, "algoritme": "facedetection_python", "time": "2018-08-21 08:52:33", "resulotion": 144}
{"node": "LAPTOP-TPLGCH9G", "counter": 2, "percent_cpu": [18.5, 21.9, 26.6, 50.8], "Current": 99999, "algoritme": "facedetection_python", "time": "2018-08-21 08:52:34", "resulotion": 144}
{"node": "LAPTOP-TPLGCH9G", "counter": 3, "percent_cpu": [25.0, 23.4, 18.8, 23.1], "Current": 99999, "algoritme": "facedetection_python", "time": "2018-08-21 08:52:35", "resulotion": 144}
{"node": "LAPTOP-TPLGCH9G", "counter": 3, "percent_cpu": [13.8, 9.4, 9.2, 15.2], "Current": 99999, "algoritme": "facedetection_python", "time": "2018-08-21 08:52:36", "resulotion": 144}
{"node": "LAPTOP-TPLGCH9G", "counter": 4, "percent_cpu": [18.5, 7.8, 23.4, 20.3], "Current": 99999, "algoritme": "facedetection_python", "time": "2018-08-21 08:52:37", "resulotion": 144}
{"node": "LAPTOP-TPLGCH9G", "counter": 0, "percent_cpu": [7.8, 3.1, 12.5, 12.5], "Current": 99999, "algoritme": "after", "time": "2018-08-21 08:52:38", "resulotion": 0}
{"node": "LAPTOP-TPLGCH9G", "counter": 1, "percent_cpu": [12.1, 7.8, 10.9, 9.4], "Current": 99999, "algoritme": "after", "time": "2018-08-21 08:52:39", "resulotion": 0}
{"node": "LAPTOP-TPLGCH9G", "counter": 2, "percent_cpu": [13.8, 6.3, 14.1, 9.4], "Current": 99999, "algoritme": "after", "time": "2018-08-21 08:52:40", "resulotion": 0}
{"node": "LAPTOP-TPLGCH9G", "counter": 3, "percent_cpu": [18.2, 9.2, 7.8, 12.5], "Current": 99999, "algoritme": "after", "time": "2018-08-21 08:52:41", "resulotion": 0}
{"node": "LAPTOP-TPLGCH9G", "counter": 4, "percent_cpu": [12.1, 3.1, 10.9, 9.4], "Current": 99999, "algoritme": "after", "time": "2018-08-21 08:52:42", "resulotion": 0}
{"node": "LAPTOP-TPLGCH9G", "counter": 0, "percent_cpu": [7.8, 1.6, 6.3, 7.8], "Current": 99999, "algoritme": "before", "time": "2018-08-21 08:52:43", "resulotion": 0}
{"node": "LAPTOP-TPLGCH9G", "counter": 1, "percent_cpu": [6.3, 1.6, 9.2, 4.7], "Current": 99999, "algoritme": "before", "time": "2018-08-21 08:52:44", "resulotion": 0}
{"node": "LAPTOP-TPLGCH9G", "counter": 2, "percent_cpu": [8.8, 1.6, 4.7, 7.8], "Current": 99999, "algoritme": "before", "time": "2018-08-21 08:52:45", "resulotion": 0}
{"node": "LAPTOP-TPLGCH9G", "counter": 3, "percent_cpu": [6.3, 3.1, 3.2, 6.3], "Current": 99999, "algoritme": "before", "time": "2018-08-21 08:52:46", "resulotion": 0}
{"node": "LAPTOP-TPLGCH9G", "counter": 4, "percent_cpu": [0.0, 3.1, 6.3, 9.4], "Current": 99999, "algoritme": "before", "time": "2018-08-21 08:52:47", "resulotion": 0}
{"node": "LAPTOP-TPLGCH9G", "counter": 0, "percent_cpu": [18.2, 12.5, 18.8, 17.2], "Current": 99999, "algoritme": "facedetection_windows", "time": "2018-08-21 08:52:48", "resulotion": 144}
{"node": "LAPTOP-TPLGCH9G", "counter": 0, "percent_cpu": [43.5, 34.4, 35.9, 28.1], "Current": 99999, "algoritme": "facedetection_windows", "time": "2018-08-21 08:52:49", "resulotion": 144}
{"node": "LAPTOP-TPLGCH9G", "counter": 0, "percent_cpu": [28.8, 23.4, 23.4, 34.4], "Current": 99999, "algoritme": "facedetection_windows", "time": "2018-08-21 08:52:50", "resulotion": 144}
{"node": "LAPTOP-TPLGCH9G", "counter": 0, "percent_cpu": [13.6, 10.9, 56.3, 46.9], "Current": 99999, "algoritme": "facedetection_windows", "time": "2018-08-21 08:52:51", "resulotion": 144}
{"node": "LAPTOP-TPLGCH9G", "counter": 1, "percent_cpu": [7.7, 7.8, 15.6, 28.1], "Current": 99999, "algoritme": "facedetection_windows", "time": "2018-08-21 08:52:52", "resulotion": 144}
{"node": "LAPTOP-TPLGCH9G", "counter": 0, "percent_cpu": [18.2, 9.4, 12.3, 10.9], "Current": 99999, "algoritme": "facedetection_windows", "time": "2018-08-21 08:52:53", "resulotion": 144}
{"node": "LAPTOP-TPLGCH9G", "counter": 0, "percent_cpu": [15.4, 10.9, 14.1, 12.5], "Current": 99999, "algoritme": "facedetection_windows", "time": "2018-08-21 08:52:54", "resulotion": 144}
{"node": "LAPTOP-TPLGCH9G", "counter": 0, "percent_cpu": [21.2, 9.4, 15.6, 15.6], "Current": 99999, "algoritme": "facedetection_windows", "time": "2018-08-21 08:52:55", "resulotion": 144}
{"node": "LAPTOP-TPLGCH9G", "counter": 1, "percent_cpu": [10.8, 6.3, 7.8, 9.4], "Current": 99999, "algoritme": "facedetection_windows", "time": "2018-08-21 08:52:56", "resulotion": 144}
{"node": "LAPTOP-TPLGCH9G", "counter": 0, "percent_cpu": [10.6, 7.8, 25.0, 6.3], "Current": 99999, "algoritme": "after", "time": "2018-08-21 08:52:57", "resulotion": 0}
{"node": "LAPTOP-TPLGCH9G", "counter": 1, "percent_cpu": [11.9, 1.6, 15.6, 9.4], "Current": 99999, "algoritme": "after", "time": "2018-08-21 08:52:58", "resulotion": 0}
{"node": "LAPTOP-TPLGCH9G", "counter": 2, "percent_cpu": [6.3, 7.8, 9.4, 9.4], "Current": 99999, "algoritme": "after", "time": "2018-08-21 08:52:59", "resulotion": 0}
{"node": "LAPTOP-TPLGCH9G", "counter": 3, "percent_cpu": [20.6, 3.1, 6.3, 7.8], "Current": 99999, "algoritme": "after", "time": "2018-08-21 08:53:00", "resulotion": 0}
{"node": "LAPTOP-TPLGCH9G", "counter": 4, "percent_cpu": [10.8, 6.3, 14.1, 7.8], "Current": 99999, "algoritme": "after", "time": "2018-08-21 08:53:01", "resulotion": 0}
