{"resolution": "144", "Second": 1, "Type": "windows", "algoritme": "facedetection_Windows", "fps": "15"}
{"resolution": "144", "Second": 2, "Type": "windows", "algoritme": "facedetection_Windows", "fps": "15"}
{"resolution": "144", "Second": 3, "Type": "windows", "algoritme": "facedetection_Windows", "fps": "15"}
{"resolution": "144", "Second": 4, "Type": "windows", "algoritme": "facedetection_Windows", "fps": "15"}
{"resolution": "144", "Second": 5, "Type": "windows", "algoritme": "facedetection_Windows", "fps": "15"}
