{"ratioCalTime": 85.69857801215385, "Type": "Python", "Second": 1, "algoritme": "Convolution_python", "fps": 2, "resolution": 960}
{"ratioCalTime": 85.69857801215385, "Type": "Python", "Second": 2, "algoritme": "Convolution_python", "fps": 1, "resolution": 960}
{"ratioCalTime": 85.69857801215385, "Type": "Python", "Second": 3, "algoritme": "Convolution_python", "fps": 1, "resolution": 960}
{"ratioCalTime": 85.69857801215385, "Type": "Python", "Second": 4, "algoritme": "Convolution_python", "fps": 1, "resolution": 960}
{"ratioCalTime": 85.69857801215385, "Type": "Python", "Second": 5, "algoritme": "Convolution_python", "fps": 1, "resolution": 960}
{"ratioCalTime": 85.69857801215385, "Type": "Python", "Second": 6, "algoritme": "Convolution_python", "fps": 1, "resolution": 960}
{"ratioCalTime": 85.69857801215385, "Type": "Python", "Second": 7, "algoritme": "Convolution_python", "fps": 1, "resolution": 960}
{"ratioCalTime": 85.69857801215385, "Type": "Python", "Second": 8, "algoritme": "Convolution_python", "fps": 1, "resolution": 960}
{"ratioCalTime": 85.69857801215385, "Type": "Python", "Second": 9, "algoritme": "Convolution_python", "fps": 1, "resolution": 960}
{"ratioCalTime": 85.69857801215385, "Type": "Python", "Second": 10, "algoritme": "Convolution_python", "fps": 1, "resolution": 960}
{"ratioCalTime": 85.69857801215385, "Type": "Python", "Second": 11, "algoritme": "Convolution_python", "fps": 1, "resolution": 960}
{"ratioCalTime": 85.69857801215385, "Type": "Python", "Second": 12, "algoritme": "Convolution_python", "fps": 1, "resolution": 960}
{"ratioCalTime": 85.69857801215385, "Type": "Python", "Second": 13, "algoritme": "Convolution_python", "fps": 1, "resolution": 960}
{"ratioCalTime": 85.69857801215385, "Type": "Python", "Second": 14, "algoritme": "Convolution_python", "fps": 1, "resolution": 960}
{"ratioCalTime": 85.69857801215385, "Type": "Python", "Second": 15, "algoritme": "Convolution_python", "fps": 1, "resolution": 960}
