{"machine": "armv7l", "bits": "32bit", "os": "Linux", "node": "raspberrypi", "cores": 4}
{"node": "raspberrypi", "Temp": {}, "counter": 0, "percent_cpu": [0.0, 5.0, 1.0, 0.0], "Current": 0.383, "algoritme": "before", "time": "2018-08-24 10:55:53", "resulotion": 0}
{"node": "raspberrypi", "Temp": {}, "counter": 1, "percent_cpu": [0.0, 0.0, 0.0, 0.0], "Current": 0.377, "algoritme": "before", "time": "2018-08-24 10:55:54", "resulotion": 0}
{"node": "raspberrypi", "Temp": {}, "counter": 2, "percent_cpu": [0.0, 0.0, 0.0, 0.0], "Current": 0.378, "algoritme": "before", "time": "2018-08-24 10:55:55", "resulotion": 0}
{"node": "raspberrypi", "Temp": {}, "counter": 3, "percent_cpu": [0.0, 0.0, 0.0, 0.0], "Current": 0.379, "algoritme": "before", "time": "2018-08-24 10:55:56", "resulotion": 0}
{"node": "raspberrypi", "Temp": {}, "counter": 4, "percent_cpu": [0.0, 1.0, 0.0, 0.0], "Current": 0.377, "algoritme": "before", "time": "2018-08-24 10:55:57", "resulotion": 0}
{"node": "raspberrypi", "Temp": {}, "counter": 0, "percent_cpu": [45.9, 11.2, 2.0, 0.0], "Current": 0.439, "algoritme": "convolv_Linux", "time": "2018-08-24 10:55:59", "resulotion": 176}
{"node": "raspberrypi", "Temp": {}, "counter": 0, "percent_cpu": [76.0, 17.0, 6.1, 9.0], "Current": 0.602, "algoritme": "convolv_Linux", "time": "2018-08-24 10:56:00", "resulotion": 176}
{"node": "raspberrypi", "Temp": {}, "counter": 0, "percent_cpu": [44.3, 5.0, 0.0, 33.3], "Current": 0.608, "algoritme": "convolv_Linux", "time": "2018-08-24 10:56:01", "resulotion": 176}
{"node": "raspberrypi", "Temp": {}, "counter": 0, "percent_cpu": [28.7, 14.9, 13.9, 68.0], "Current": 0.593, "algoritme": "convolv_Linux", "time": "2018-08-24 10:56:02", "resulotion": 176}
{"node": "raspberrypi", "Temp": {}, "counter": 0, "percent_cpu": [2.0, 0.0, 1.0, 13.5], "Current": 0.417, "algoritme": "after", "time": "2018-08-24 10:56:03", "resulotion": 0}
{"node": "raspberrypi", "Temp": {}, "counter": 1, "percent_cpu": [9.0, 0.0, 0.0, 3.1], "Current": 0.352, "algoritme": "after", "time": "2018-08-24 10:56:04", "resulotion": 0}
{"node": "raspberrypi", "Temp": {}, "counter": 2, "percent_cpu": [1.0, 0.0, 1.0, 0.0], "Current": 0.352, "algoritme": "after", "time": "2018-08-24 10:56:06", "resulotion": 0}
{"node": "raspberrypi", "Temp": {}, "counter": 3, "percent_cpu": [0.0, 2.0, 8.2, 0.0], "Current": 0.387, "algoritme": "after", "time": "2018-08-24 10:56:07", "resulotion": 0}
{"node": "raspberrypi", "Temp": {}, "counter": 4, "percent_cpu": [1.0, 0.0, 1.0, 0.0], "Current": 0.381, "algoritme": "after", "time": "2018-08-24 10:56:08", "resulotion": 0}
{"node": "raspberrypi", "Temp": {}, "counter": 0, "percent_cpu": [1.0, 0.0, 0.0, 0.0], "Current": 0.378, "algoritme": "before", "time": "2018-08-24 10:56:09", "resulotion": 0}
{"node": "raspberrypi", "Temp": {}, "counter": 1, "percent_cpu": [0.0, 0.0, 1.0, 0.0], "Current": 0.376, "algoritme": "before", "time": "2018-08-24 10:56:10", "resulotion": 0}
{"node": "raspberrypi", "Temp": {}, "counter": 2, "percent_cpu": [6.0, 0.0, 24.0, 0.0], "Current": 0.42, "algoritme": "before", "time": "2018-08-24 10:56:11", "resulotion": 0}
{"node": "raspberrypi", "Temp": {}, "counter": 3, "percent_cpu": [5.1, 0.0, 18.0, 0.0], "Current": 0.491, "algoritme": "before", "time": "2018-08-24 10:56:13", "resulotion": 0}
{"node": "raspberrypi", "Temp": {}, "counter": 4, "percent_cpu": [1.0, 1.0, 0.0, 0.0], "Current": 0.382, "algoritme": "before", "time": "2018-08-24 10:56:14", "resulotion": 0}
{"node": "raspberrypi", "Temp": {}, "counter": 0, "percent_cpu": [5.2, 46.5, 0.0, 19.4], "Current": 0.441, "algoritme": "convolv_Linux", "time": "2018-08-24 10:56:15", "resulotion": 320}
{"node": "raspberrypi", "Temp": {}, "counter": 0, "percent_cpu": [35.8, 84.2, 4.0, 48.5], "Current": 0.648, "algoritme": "convolv_Linux", "time": "2018-08-24 10:56:16", "resulotion": 320}
{"node": "raspberrypi", "Temp": {}, "counter": 0, "percent_cpu": [6.5, 94.0, 0.0, 12.9], "Current": 0.64, "algoritme": "convolv_Linux", "time": "2018-08-24 10:56:17", "resulotion": 320}
