{"ratioCalTime": "85.4805", "Type": "linux", "Second": 1, "algoritme": "convolv20_Linux", "fps": "1", "resolution": "960"}
{"ratioCalTime": "85.4805", "Type": "linux", "Second": 2, "algoritme": "convolv20_Linux", "fps": "1", "resolution": "960"}
{"ratioCalTime": "85.4805", "Type": "linux", "Second": 3, "algoritme": "convolv20_Linux", "fps": "1", "resolution": "960"}
{"ratioCalTime": "85.4805", "Type": "linux", "Second": 4, "algoritme": "convolv20_Linux", "fps": "1", "resolution": "960"}
{"ratioCalTime": "85.4805", "Type": "linux", "Second": 5, "algoritme": "convolv20_Linux", "fps": "1", "resolution": "960"}
{"ratioCalTime": "85.4805", "Type": "linux", "Second": 6, "algoritme": "convolv20_Linux", "fps": "1", "resolution": "960"}
{"ratioCalTime": "85.4805", "Type": "linux", "Second": 7, "algoritme": "convolv20_Linux", "fps": "1", "resolution": "960"}
{"ratioCalTime": "85.4805", "Type": "linux", "Second": 8, "algoritme": "convolv20_Linux", "fps": "1", "resolution": "960"}
{"ratioCalTime": "85.4805", "Type": "linux", "Second": 9, "algoritme": "convolv20_Linux", "fps": "1", "resolution": "960"}
{"ratioCalTime": "85.4805", "Type": "linux", "Second": 10, "algoritme": "convolv20_Linux", "fps": "1", "resolution": "960"}
{"ratioCalTime": "85.4805", "Type": "linux", "Second": 11, "algoritme": "convolv20_Linux", "fps": "1", "resolution": "960"}
{"ratioCalTime": "85.4805", "Type": "linux", "Second": 12, "algoritme": "convolv20_Linux", "fps": "1", "resolution": "960"}
{"ratioCalTime": "85.4805", "Type": "linux", "Second": 13, "algoritme": "convolv20_Linux", "fps": "1", "resolution": "960"}
{"ratioCalTime": "85.4805", "Type": "linux", "Second": 14, "algoritme": "convolv20_Linux", "fps": "1", "resolution": "960"}
