{"node": "tegra-ubuntu", "ratioCalTime": 96.29825095981194, "Type": "Python", "Second": 1, "algoritme": "pixeltransform", "fps": 1, "resolution": 176}
{"node": "tegra-ubuntu", "ratioCalTime": 96.29825095981194, "Type": "Python", "Second": 2, "algoritme": "pixeltransform", "fps": 1, "resolution": 176}
{"node": "tegra-ubuntu", "ratioCalTime": 96.29825095981194, "Type": "Python", "Second": 3, "algoritme": "pixeltransform", "fps": 2, "resolution": 176}
{"node": "tegra-ubuntu", "ratioCalTime": 96.29825095981194, "Type": "Python", "Second": 4, "algoritme": "pixeltransform", "fps": 1, "resolution": 176}
{"node": "tegra-ubuntu", "ratioCalTime": 96.29825095981194, "Type": "Python", "Second": 5, "algoritme": "pixeltransform", "fps": 1, "resolution": 176}
{"node": "tegra-ubuntu", "ratioCalTime": 96.29825095981194, "Type": "Python", "Second": 6, "algoritme": "pixeltransform", "fps": 2, "resolution": 176}
{"node": "tegra-ubuntu", "ratioCalTime": 96.29825095981194, "Type": "Python", "Second": 7, "algoritme": "pixeltransform", "fps": 1, "resolution": 176}
{"node": "tegra-ubuntu", "ratioCalTime": 96.29825095981194, "Type": "Python", "Second": 8, "algoritme": "pixeltransform", "fps": 1, "resolution": 176}
{"node": "tegra-ubuntu", "ratioCalTime": 96.29825095981194, "Type": "Python", "Second": 9, "algoritme": "pixeltransform", "fps": 1, "resolution": 176}
{"node": "tegra-ubuntu", "ratioCalTime": 96.29825095981194, "Type": "Python", "Second": 10, "algoritme": "pixeltransform", "fps": 2, "resolution": 176}
{"node": "tegra-ubuntu", "ratioCalTime": 96.29825095981194, "Type": "Python", "Second": 11, "algoritme": "pixeltransform", "fps": 1, "resolution": 176}
{"node": "tegra-ubuntu", "ratioCalTime": 96.29825095981194, "Type": "Python", "Second": 12, "algoritme": "pixeltransform", "fps": 1, "resolution": 176}
{"node": "tegra-ubuntu", "ratioCalTime": 96.29825095981194, "Type": "Python", "Second": 13, "algoritme": "pixeltransform", "fps": 2, "resolution": 176}
{"node": "tegra-ubuntu", "ratioCalTime": 96.29825095981194, "Type": "Python", "Second": 14, "algoritme": "pixeltransform", "fps": 1, "resolution": 176}
{"node": "tegra-ubuntu", "ratioCalTime": 96.29825095981194, "Type": "Python", "Second": 15, "algoritme": "pixeltransform", "fps": 1, "resolution": 176}
{"node": "tegra-ubuntu", "ratioCalTime": 96.29825095981194, "Type": "Python", "Second": 16, "algoritme": "pixeltransform", "fps": 1, "resolution": 176}
{"node": "tegra-ubuntu", "ratioCalTime": 96.29825095981194, "Type": "Python", "Second": 17, "algoritme": "pixeltransform", "fps": 2, "resolution": 176}
{"node": "tegra-ubuntu", "ratioCalTime": 96.29825095981194, "Type": "Python", "Second": 18, "algoritme": "pixeltransform", "fps": 1, "resolution": 176}
{"node": "tegra-ubuntu", "ratioCalTime": 96.29825095981194, "Type": "Python", "Second": 19, "algoritme": "pixeltransform", "fps": 1, "resolution": 176}
{"node": "tegra-ubuntu", "ratioCalTime": 96.29825095981194, "Type": "Python", "Second": 20, "algoritme": "pixeltransform", "fps": 1, "resolution": 176}
