{"resolution": 144, "Second": 1, "Type": "Python", "algoritme": "Facedetection_python", "fps": 20}
{"resolution": 144, "Second": 2, "Type": "Python", "algoritme": "Facedetection_python", "fps": 24}
{"resolution": 144, "Second": 3, "Type": "Python", "algoritme": "Facedetection_python", "fps": 25}
{"resolution": 144, "Second": 4, "Type": "Python", "algoritme": "Facedetection_python", "fps": 24}
{"resolution": 144, "Second": 5, "Type": "Python", "algoritme": "Facedetection_python", "fps": 23}
