{"os": "Windows", "machine": "AMD64", "bits": "64bit", "cores": 4, "node": "LAPTOP-TPLGCH9G"}
{"counter": 0, "percent_cpu": [26.2, 31.2, 26.6, 29.7], "node": "LAPTOP-TPLGCH9G", "algoritme": "before", "resulotion": 0, "Current": 99999, "time": "2018-08-13 01:49:38"}
{"counter": 1, "percent_cpu": [40.0, 34.4, 35.9, 29.7], "node": "LAPTOP-TPLGCH9G", "algoritme": "before", "resulotion": 0, "Current": 99999, "time": "2018-08-13 01:49:39"}
{"counter": 2, "percent_cpu": [39.1, 32.8, 42.2, 42.2], "node": "LAPTOP-TPLGCH9G", "algoritme": "before", "resulotion": 0, "Current": 99999, "time": "2018-08-13 01:49:40"}
{"counter": 3, "percent_cpu": [13.8, 21.9, 29.7, 21.9], "node": "LAPTOP-TPLGCH9G", "algoritme": "before", "resulotion": 0, "Current": 99999, "time": "2018-08-13 01:49:41"}
{"counter": 4, "percent_cpu": [20.9, 20.3, 14.1, 10.9], "node": "LAPTOP-TPLGCH9G", "algoritme": "before", "resulotion": 0, "Current": 99999, "time": "2018-08-13 01:49:42"}
{"counter": 0, "percent_cpu": [23.1, 28.1, 62.5, 31.2], "node": "LAPTOP-TPLGCH9G", "algoritme": "facedetection_python", "resulotion": 144, "Current": 99999, "time": "2018-08-13 01:49:43"}
{"counter": 1, "percent_cpu": [43.1, 21.9, 39.1, 39.1], "node": "LAPTOP-TPLGCH9G", "algoritme": "facedetection_python", "resulotion": 144, "Current": 99999, "time": "2018-08-13 01:49:44"}
{"counter": 2, "percent_cpu": [54.5, 50.8, 46.2, 60.0], "node": "LAPTOP-TPLGCH9G", "algoritme": "facedetection_python", "resulotion": 144, "Current": 99999, "time": "2018-08-13 01:49:45"}
{"counter": 3, "percent_cpu": [41.5, 50.0, 40.6, 43.8], "node": "LAPTOP-TPLGCH9G", "algoritme": "facedetection_python", "resulotion": 144, "Current": 99999, "time": "2018-08-13 01:49:46"}
{"counter": 4, "percent_cpu": [44.6, 42.2, 48.4, 50.0], "node": "LAPTOP-TPLGCH9G", "algoritme": "facedetection_python", "resulotion": 144, "Current": 99999, "time": "2018-08-13 01:49:47"}
{"counter": 5, "percent_cpu": [55.2, 51.6, 69.2, 76.6], "node": "LAPTOP-TPLGCH9G", "algoritme": "facedetection_python", "resulotion": 144, "Current": 99999, "time": "2018-08-13 01:49:48"}
{"counter": 6, "percent_cpu": [61.2, 52.3, 64.1, 65.6], "node": "LAPTOP-TPLGCH9G", "algoritme": "facedetection_python", "resulotion": 144, "Current": 99999, "time": "2018-08-13 01:49:49"}
{"counter": 7, "percent_cpu": [40.9, 32.8, 26.6, 31.2], "node": "LAPTOP-TPLGCH9G", "algoritme": "facedetection_python", "resulotion": 144, "Current": 99999, "time": "2018-08-13 01:49:50"}
{"counter": 0, "percent_cpu": [32.3, 23.1, 25.0, 25.0], "node": "LAPTOP-TPLGCH9G", "algoritme": "after", "resulotion": 0, "Current": 99999, "time": "2018-08-13 01:49:51"}
{"counter": 1, "percent_cpu": [35.4, 28.1, 39.1, 35.9], "node": "LAPTOP-TPLGCH9G", "algoritme": "after", "resulotion": 0, "Current": 99999, "time": "2018-08-13 01:49:52"}
{"counter": 2, "percent_cpu": [29.2, 25.0, 26.6, 17.2], "node": "LAPTOP-TPLGCH9G", "algoritme": "after", "resulotion": 0, "Current": 99999, "time": "2018-08-13 01:49:53"}
{"counter": 3, "percent_cpu": [19.7, 32.8, 23.4, 18.8], "node": "LAPTOP-TPLGCH9G", "algoritme": "after", "resulotion": 0, "Current": 99999, "time": "2018-08-13 01:49:54"}
{"counter": 4, "percent_cpu": [17.2, 17.2, 28.1, 14.1], "node": "LAPTOP-TPLGCH9G", "algoritme": "after", "resulotion": 0, "Current": 99999, "time": "2018-08-13 01:49:55"}
{"counter": 0, "percent_cpu": [18.8, 20.3, 32.8, 32.8], "node": "LAPTOP-TPLGCH9G", "algoritme": "before", "resulotion": 0, "Current": 99999, "time": "2018-08-13 01:49:56"}
{"counter": 1, "percent_cpu": [26.6, 20.3, 18.8, 18.8], "node": "LAPTOP-TPLGCH9G", "algoritme": "before", "resulotion": 0, "Current": 99999, "time": "2018-08-13 01:49:57"}
{"counter": 2, "percent_cpu": [27.7, 17.2, 25.0, 17.2], "node": "LAPTOP-TPLGCH9G", "algoritme": "before", "resulotion": 0, "Current": 99999, "time": "2018-08-13 01:49:58"}
{"counter": 3, "percent_cpu": [18.2, 23.1, 21.5, 24.6], "node": "LAPTOP-TPLGCH9G", "algoritme": "before", "resulotion": 0, "Current": 99999, "time": "2018-08-13 01:49:59"}
{"counter": 4, "percent_cpu": [32.3, 35.9, 21.5, 23.4], "node": "LAPTOP-TPLGCH9G", "algoritme": "before", "resulotion": 0, "Current": 99999, "time": "2018-08-13 01:50:00"}
{"counter": 0, "percent_cpu": [25.0, 25.0, 28.1, 26.6], "node": "LAPTOP-TPLGCH9G", "algoritme": "Matrixmul", "resulotion": 0, "Current": 99999, "time": "2018-08-13 01:50:01"}
{"counter": 0, "percent_cpu": [31.3, 29.7, 28.1, 21.9], "node": "LAPTOP-TPLGCH9G", "algoritme": "after", "resulotion": 0, "Current": 99999, "time": "2018-08-13 01:50:02"}
{"counter": 1, "percent_cpu": [24.2, 25.0, 25.0, 23.4], "node": "LAPTOP-TPLGCH9G", "algoritme": "after", "resulotion": 0, "Current": 99999, "time": "2018-08-13 01:50:03"}
{"counter": 2, "percent_cpu": [36.4, 38.5, 38.5, 29.2], "node": "LAPTOP-TPLGCH9G", "algoritme": "after", "resulotion": 0, "Current": 99999, "time": "2018-08-13 01:50:04"}
{"counter": 3, "percent_cpu": [18.5, 23.1, 21.9, 20.3], "node": "LAPTOP-TPLGCH9G", "algoritme": "after", "resulotion": 0, "Current": 99999, "time": "2018-08-13 01:50:05"}
{"counter": 4, "percent_cpu": [26.6, 17.2, 20.3, 15.6], "node": "LAPTOP-TPLGCH9G", "algoritme": "after", "resulotion": 0, "Current": 99999, "time": "2018-08-13 01:50:06"}
{"counter": 0, "percent_cpu": [20.0, 20.3, 23.4, 17.2], "node": "LAPTOP-TPLGCH9G", "algoritme": "before", "resulotion": 0, "Current": 99999, "time": "2018-08-13 01:50:07"}
{"counter": 1, "percent_cpu": [15.6, 28.1, 17.2, 14.1], "node": "LAPTOP-TPLGCH9G", "algoritme": "before", "resulotion": 0, "Current": 99999, "time": "2018-08-13 01:50:08"}
{"counter": 2, "percent_cpu": [21.2, 25.0, 25.0, 20.3], "node": "LAPTOP-TPLGCH9G", "algoritme": "before", "resulotion": 0, "Current": 99999, "time": "2018-08-13 01:50:09"}
{"counter": 3, "percent_cpu": [29.9, 26.6, 14.1, 18.8], "node": "LAPTOP-TPLGCH9G", "algoritme": "before", "resulotion": 0, "Current": 99999, "time": "2018-08-13 01:50:10"}
{"counter": 4, "percent_cpu": [17.2, 28.1, 15.6, 23.4], "node": "LAPTOP-TPLGCH9G", "algoritme": "before", "resulotion": 0, "Current": 99999, "time": "2018-08-13 01:50:11"}
{"counter": 0, "percent_cpu": [34.8, 26.6, 31.2, 34.4], "node": "LAPTOP-TPLGCH9G", "algoritme": "convolution_python", "resulotion": 144, "Current": 99999, "time": "2018-08-13 01:50:12"}
{"counter": 1, "percent_cpu": [56.3, 39.1, 50.0, 46.9], "node": "LAPTOP-TPLGCH9G", "algoritme": "convolution_python", "resulotion": 144, "Current": 99999, "time": "2018-08-13 01:50:13"}
{"counter": 2, "percent_cpu": [31.2, 35.9, 34.4, 47.7], "node": "LAPTOP-TPLGCH9G", "algoritme": "convolution_python", "resulotion": 144, "Current": 99999, "time": "2018-08-13 01:50:14"}
{"counter": 3, "percent_cpu": [46.4, 37.5, 46.9, 34.4], "node": "LAPTOP-TPLGCH9G", "algoritme": "convolution_python", "resulotion": 144, "Current": 99999, "time": "2018-08-13 01:50:15"}
{"counter": 4, "percent_cpu": [24.6, 26.6, 37.5, 40.6], "node": "LAPTOP-TPLGCH9G", "algoritme": "convolution_python", "resulotion": 144, "Current": 99999, "time": "2018-08-13 01:50:16"}
{"counter": 5, "percent_cpu": [32.8, 28.4, 29.9, 32.8], "node": "LAPTOP-TPLGCH9G", "algoritme": "convolution_python", "resulotion": 144, "Current": 99999, "time": "2018-08-13 01:50:17"}
{"counter": 6, "percent_cpu": [34.4, 26.6, 29.7, 32.8], "node": "LAPTOP-TPLGCH9G", "algoritme": "convolution_python", "resulotion": 144, "Current": 99999, "time": "2018-08-13 01:50:18"}
{"counter": 0, "percent_cpu": [26.6, 34.4, 29.7, 15.6], "node": "LAPTOP-TPLGCH9G", "algoritme": "after", "resulotion": 0, "Current": 99999, "time": "2018-08-13 01:50:19"}
{"counter": 1, "percent_cpu": [31.8, 23.4, 17.2, 10.9], "node": "LAPTOP-TPLGCH9G", "algoritme": "after", "resulotion": 0, "Current": 99999, "time": "2018-08-13 01:50:20"}
{"counter": 2, "percent_cpu": [29.9, 34.4, 31.2, 26.6], "node": "LAPTOP-TPLGCH9G", "algoritme": "after", "resulotion": 0, "Current": 99999, "time": "2018-08-13 01:50:21"}
{"counter": 3, "percent_cpu": [15.4, 15.6, 21.9, 12.5], "node": "LAPTOP-TPLGCH9G", "algoritme": "after", "resulotion": 0, "Current": 99999, "time": "2018-08-13 01:50:22"}
{"counter": 4, "percent_cpu": [26.2, 29.7, 32.8, 18.8], "node": "LAPTOP-TPLGCH9G", "algoritme": "after", "resulotion": 0, "Current": 99999, "time": "2018-08-13 01:50:23"}
{"counter": 0, "percent_cpu": [21.9, 15.6, 15.6, 14.1], "node": "LAPTOP-TPLGCH9G", "algoritme": "before", "resulotion": 0, "Current": 99999, "time": "2018-08-13 01:50:24"}
{"counter": 1, "percent_cpu": [20.3, 21.9, 21.9, 20.3], "node": "LAPTOP-TPLGCH9G", "algoritme": "before", "resulotion": 0, "Current": 99999, "time": "2018-08-13 01:50:25"}
{"counter": 2, "percent_cpu": [21.5, 23.4, 18.8, 7.8], "node": "LAPTOP-TPLGCH9G", "algoritme": "before", "resulotion": 0, "Current": 99999, "time": "2018-08-13 01:50:26"}
{"counter": 3, "percent_cpu": [23.9, 23.4, 18.8, 10.9], "node": "LAPTOP-TPLGCH9G", "algoritme": "before", "resulotion": 0, "Current": 99999, "time": "2018-08-13 01:50:27"}
{"counter": 4, "percent_cpu": [19.7, 21.9, 18.8, 12.5], "node": "LAPTOP-TPLGCH9G", "algoritme": "before", "resulotion": 0, "Current": 99999, "time": "2018-08-13 01:50:28"}
{"counter": 0, "percent_cpu": [28.1, 28.8, 25.0, 32.8], "node": "LAPTOP-TPLGCH9G", "algoritme": "pixeltranform_python", "resulotion": 144, "Current": 99999, "time": "2018-08-13 01:50:29"}
{"counter": 1, "percent_cpu": [41.5, 48.4, 43.8, 56.2], "node": "LAPTOP-TPLGCH9G", "algoritme": "pixeltranform_python", "resulotion": 144, "Current": 99999, "time": "2018-08-13 01:50:30"}
{"counter": 2, "percent_cpu": [61.2, 59.4, 68.8, 71.9], "node": "LAPTOP-TPLGCH9G", "algoritme": "pixeltranform_python", "resulotion": 144, "Current": 99999, "time": "2018-08-13 01:50:31"}
{"counter": 3, "percent_cpu": [51.5, 56.2, 60.9, 56.2], "node": "LAPTOP-TPLGCH9G", "algoritme": "pixeltranform_python", "resulotion": 144, "Current": 99999, "time": "2018-08-13 01:50:32"}
{"counter": 4, "percent_cpu": [49.2, 64.6, 60.0, 41.5], "node": "LAPTOP-TPLGCH9G", "algoritme": "pixeltranform_python", "resulotion": 144, "Current": 99999, "time": "2018-08-13 01:50:33"}
{"counter": 5, "percent_cpu": [25.8, 23.4, 14.1, 78.1], "node": "LAPTOP-TPLGCH9G", "algoritme": "pixeltranform_python", "resulotion": 144, "Current": 99999, "time": "2018-08-13 01:50:34"}
{"counter": 6, "percent_cpu": [40.0, 48.4, 46.9, 45.3], "node": "LAPTOP-TPLGCH9G", "algoritme": "pixeltranform_python", "resulotion": 144, "Current": 99999, "time": "2018-08-13 01:50:35"}
{"counter": 0, "percent_cpu": [49.2, 55.4, 53.0, 51.6], "node": "LAPTOP-TPLGCH9G", "algoritme": "after", "resulotion": 0, "Current": 99999, "time": "2018-08-13 01:50:36"}
{"counter": 1, "percent_cpu": [43.1, 42.2, 42.2, 42.2], "node": "LAPTOP-TPLGCH9G", "algoritme": "after", "resulotion": 0, "Current": 99999, "time": "2018-08-13 01:50:37"}
{"counter": 2, "percent_cpu": [29.7, 25.0, 34.4, 32.8], "node": "LAPTOP-TPLGCH9G", "algoritme": "after", "resulotion": 0, "Current": 99999, "time": "2018-08-13 01:50:38"}
{"counter": 3, "percent_cpu": [43.8, 43.8, 48.4, 39.1], "node": "LAPTOP-TPLGCH9G", "algoritme": "after", "resulotion": 0, "Current": 99999, "time": "2018-08-13 01:50:39"}
{"counter": 4, "percent_cpu": [18.5, 21.9, 17.2, 21.9], "node": "LAPTOP-TPLGCH9G", "algoritme": "after", "resulotion": 0, "Current": 99999, "time": "2018-08-13 01:50:40"}
