{"machine": "armv7l", "bits": "32bit", "os": "Linux", "node": "raspberrypi", "cores": 4}
{"node": "raspberrypi", "Temp": {}, "counter": 0, "percent_cpu": [0.0, 7.1, 0.0, 0.0], "Current": 0.348, "algoritme": "before", "time": "2018-08-24 10:36:32", "resulotion": 0}
{"node": "raspberrypi", "Temp": {}, "counter": 1, "percent_cpu": [0.0, 0.0, 0.0, 0.0], "Current": 0.35, "algoritme": "before", "time": "2018-08-24 10:36:33", "resulotion": 0}
{"node": "raspberrypi", "Temp": {}, "counter": 2, "percent_cpu": [0.0, 0.0, 0.0, 0.0], "Current": 0.351, "algoritme": "before", "time": "2018-08-24 10:36:34", "resulotion": 0}
{"node": "raspberrypi", "Temp": {}, "counter": 3, "percent_cpu": [1.0, 0.0, 0.0, 0.0], "Current": 0.351, "algoritme": "before", "time": "2018-08-24 10:36:35", "resulotion": 0}
{"node": "raspberrypi", "Temp": {}, "counter": 4, "percent_cpu": [0.0, 0.0, 0.0, 0.0], "Current": 0.35, "algoritme": "before", "time": "2018-08-24 10:36:36", "resulotion": 0}
{"node": "raspberrypi", "Temp": {}, "counter": 0, "percent_cpu": [71.7, 7.0, 3.0, 2.0], "Current": 0.411, "algoritme": "convolv_Linux", "time": "2018-08-24 10:36:37", "resulotion": 176}
{"node": "raspberrypi", "Temp": {}, "counter": 0, "percent_cpu": [45.8, 62.9, 8.1, 36.0], "Current": 0.663, "algoritme": "convolv_Linux", "time": "2018-08-24 10:36:39", "resulotion": 176}
{"node": "raspberrypi", "Temp": {}, "counter": 0, "percent_cpu": [2.1, 65.3, 0.0, 10.1], "Current": 0.591, "algoritme": "convolv_Linux", "time": "2018-08-24 10:36:40", "resulotion": 176}
{"node": "raspberrypi", "Temp": {}, "counter": 0, "percent_cpu": [3.2, 62.6, 1.0, 9.1], "Current": 0.588, "algoritme": "convolv_Linux", "time": "2018-08-24 10:36:41", "resulotion": 176}
{"node": "raspberrypi", "Temp": {}, "counter": 0, "percent_cpu": [1.1, 33.7, 0.0, 5.9], "Current": 0.542, "algoritme": "convolv_Linux", "time": "2018-08-24 10:36:42", "resulotion": 176}
{"node": "raspberrypi", "Temp": {}, "counter": 0, "percent_cpu": [1.1, 59.8, 0.0, 11.7], "Current": 0.584, "algoritme": "convolv_Linux", "time": "2018-08-24 10:36:43", "resulotion": 176}
{"node": "raspberrypi", "Temp": {}, "counter": 0, "percent_cpu": [64.6, 0.0, 1.0, 10.9], "Current": 0.585, "algoritme": "convolv_Linux", "time": "2018-08-24 10:36:44", "resulotion": 176}
{"node": "raspberrypi", "Temp": {}, "counter": 0, "percent_cpu": [7.5, 43.9, 0.0, 7.1], "Current": 0.571, "algoritme": "convolv_Linux", "time": "2018-08-24 10:36:45", "resulotion": 176}
{"node": "raspberrypi", "Temp": {}, "counter": 0, "percent_cpu": [1.1, 48.4, 1.0, 9.8], "Current": 0.562, "algoritme": "convolv_Linux", "time": "2018-08-24 10:36:47", "resulotion": 176}
{"node": "raspberrypi", "Temp": {}, "counter": 0, "percent_cpu": [3.2, 54.2, 1.0, 8.8], "Current": 0.569, "algoritme": "convolv_Linux", "time": "2018-08-24 10:36:48", "resulotion": 176}
{"node": "raspberrypi", "Temp": {}, "counter": 0, "percent_cpu": [27.4, 42.2, 5.0, 10.8], "Current": 0.636, "algoritme": "convolv_Linux", "time": "2018-08-24 10:36:49", "resulotion": 176}
{"node": "raspberrypi", "Temp": {}, "counter": 0, "percent_cpu": [57.9, 8.2, 2.0, 0.0], "Current": 0.583, "algoritme": "convolv_Linux", "time": "2018-08-24 10:36:50", "resulotion": 176}
{"node": "raspberrypi", "Temp": {}, "counter": 0, "percent_cpu": [56.7, 9.9, 0.0, 0.0], "Current": 0.572, "algoritme": "convolv_Linux", "time": "2018-08-24 10:36:51", "resulotion": 176}
{"node": "raspberrypi", "Temp": {}, "counter": 0, "percent_cpu": [47.9, 8.0, 0.0, 0.0], "Current": 0.602, "algoritme": "convolv_Linux", "time": "2018-08-24 10:36:52", "resulotion": 176}
{"node": "raspberrypi", "Temp": {}, "counter": 0, "percent_cpu": [59.0, 7.1, 0.0, 0.0], "Current": 0.571, "algoritme": "convolv_Linux", "time": "2018-08-24 10:36:54", "resulotion": 176}
{"node": "raspberrypi", "Temp": {}, "counter": 0, "percent_cpu": [49.5, 17.2, 0.0, 0.0], "Current": 0.571, "algoritme": "convolv_Linux", "time": "2018-08-24 10:36:55", "resulotion": 176}
{"node": "raspberrypi", "Temp": {}, "counter": 0, "percent_cpu": [4.2, 49.0, 1.0, 0.0], "Current": 0.571, "algoritme": "convolv_Linux", "time": "2018-08-24 10:36:56", "resulotion": 176}
{"node": "raspberrypi", "Temp": {}, "counter": 0, "percent_cpu": [45.3, 15.2, 0.0, 0.0], "Current": 0.572, "algoritme": "convolv_Linux", "time": "2018-08-24 10:36:57", "resulotion": 176}
{"node": "raspberrypi", "Temp": {}, "counter": 0, "percent_cpu": [39.2, 17.2, 2.0, 1.0], "Current": 0.43, "algoritme": "convolv_Linux", "time": "2018-08-24 10:36:58", "resulotion": 176}
{"node": "raspberrypi", "Temp": {}, "counter": 0, "percent_cpu": [0.0, 0.0, 0.0, 0.0], "Current": 0.41, "algoritme": "after", "time": "2018-08-24 10:36:59", "resulotion": 0}
{"node": "raspberrypi", "Temp": {}, "counter": 1, "percent_cpu": [1.0, 0.0, 0.0, 0.0], "Current": 0.375, "algoritme": "after", "time": "2018-08-24 10:37:01", "resulotion": 0}
{"node": "raspberrypi", "Temp": {}, "counter": 2, "percent_cpu": [0.0, 0.0, 0.0, 0.0], "Current": 0.375, "algoritme": "after", "time": "2018-08-24 10:37:02", "resulotion": 0}
{"node": "raspberrypi", "Temp": {}, "counter": 3, "percent_cpu": [0.0, 0.0, 0.0, 0.0], "Current": 0.375, "algoritme": "after", "time": "2018-08-24 10:37:03", "resulotion": 0}
{"node": "raspberrypi", "Temp": {}, "counter": 4, "percent_cpu": [0.0, 0.0, 0.0, 0.0], "Current": 0.374, "algoritme": "after", "time": "2018-08-24 10:37:04", "resulotion": 0}
{"node": "raspberrypi", "Temp": {}, "counter": 0, "percent_cpu": [2.0, 0.0, 0.0, 0.0], "Current": 0.374, "algoritme": "before", "time": "2018-08-24 10:37:05", "resulotion": 0}
{"node": "raspberrypi", "Temp": {}, "counter": 1, "percent_cpu": [0.0, 0.0, 0.0, 0.0], "Current": 0.375, "algoritme": "before", "time": "2018-08-24 10:37:06", "resulotion": 0}
{"node": "raspberrypi", "Temp": {}, "counter": 2, "percent_cpu": [0.0, 0.0, 0.0, 0.0], "Current": 0.375, "algoritme": "before", "time": "2018-08-24 10:37:07", "resulotion": 0}
{"node": "raspberrypi", "Temp": {}, "counter": 3, "percent_cpu": [0.0, 0.0, 0.0, 0.0], "Current": 0.375, "algoritme": "before", "time": "2018-08-24 10:37:09", "resulotion": 0}
{"node": "raspberrypi", "Temp": {}, "counter": 4, "percent_cpu": [0.0, 0.0, 0.0, 0.0], "Current": 0.375, "algoritme": "before", "time": "2018-08-24 10:37:10", "resulotion": 0}
{"node": "raspberrypi", "Temp": {}, "counter": 0, "percent_cpu": [46.0, 10.0, 2.0, 1.0], "Current": 0.44, "algoritme": "convolv_Linux", "time": "2018-08-24 10:37:11", "resulotion": 320}
{"node": "raspberrypi", "Temp": {}, "counter": 0, "percent_cpu": [40.9, 15.2, 87.0, 3.0], "Current": 0.623, "algoritme": "convolv_Linux", "time": "2018-08-24 10:37:12", "resulotion": 320}
{"node": "raspberrypi", "Temp": {}, "counter": 0, "percent_cpu": [33.6, 1.0, 93.1, 0.0], "Current": 0.629, "algoritme": "convolv_Linux", "time": "2018-08-24 10:37:13", "resulotion": 320}
{"node": "raspberrypi", "Temp": {}, "counter": 0, "percent_cpu": [5.1, 9.2, 92.0, 0.0], "Current": 0.668, "algoritme": "convolv_Linux", "time": "2018-08-24 10:37:15", "resulotion": 320}
{"node": "raspberrypi", "Temp": {}, "counter": 0, "percent_cpu": [1.1, 21.8, 84.2, 0.0], "Current": 0.632, "algoritme": "convolv_Linux", "time": "2018-08-24 10:37:16", "resulotion": 320}
{"node": "raspberrypi", "Temp": {}, "counter": 0, "percent_cpu": [1.1, 18.4, 0.0, 89.6], "Current": 0.628, "algoritme": "convolv_Linux", "time": "2018-08-24 10:37:17", "resulotion": 320}
{"node": "raspberrypi", "Temp": {}, "counter": 0, "percent_cpu": [0.0, 12.0, 0.0, 92.8], "Current": 0.653, "algoritme": "convolv_Linux", "time": "2018-08-24 10:37:18", "resulotion": 320}
{"node": "raspberrypi", "Temp": {}, "counter": 0, "percent_cpu": [0.0, 11.1, 0.0, 92.7], "Current": 0.63, "algoritme": "convolv_Linux", "time": "2018-08-24 10:37:19", "resulotion": 320}
{"node": "raspberrypi", "Temp": {}, "counter": 0, "percent_cpu": [0.0, 14.6, 2.0, 92.9], "Current": 0.634, "algoritme": "convolv_Linux", "time": "2018-08-24 10:37:20", "resulotion": 320}
{"node": "raspberrypi", "Temp": {}, "counter": 0, "percent_cpu": [0.0, 12.9, 0.0, 93.0], "Current": 0.686, "algoritme": "convolv_Linux", "time": "2018-08-24 10:37:22", "resulotion": 320}
{"node": "raspberrypi", "Temp": {}, "counter": 0, "percent_cpu": [0.0, 12.9, 0.0, 93.0], "Current": 0.634, "algoritme": "convolv_Linux", "time": "2018-08-24 10:37:23", "resulotion": 320}
{"node": "raspberrypi", "Temp": {}, "counter": 0, "percent_cpu": [0.0, 11.2, 1.0, 93.1], "Current": 0.632, "algoritme": "convolv_Linux", "time": "2018-08-24 10:37:24", "resulotion": 320}
{"node": "raspberrypi", "Temp": {}, "counter": 0, "percent_cpu": [0.0, 13.0, 0.0, 93.1], "Current": 0.631, "algoritme": "convolv_Linux", "time": "2018-08-24 10:37:25", "resulotion": 320}
{"node": "raspberrypi", "Temp": {}, "counter": 0, "percent_cpu": [0.0, 9.3, 2.0, 93.2], "Current": 0.632, "algoritme": "convolv_Linux", "time": "2018-08-24 10:37:26", "resulotion": 320}
{"node": "raspberrypi", "Temp": {}, "counter": 0, "percent_cpu": [1.1, 24.0, 0.0, 80.2], "Current": 0.63, "algoritme": "convolv_Linux", "time": "2018-08-24 10:37:27", "resulotion": 320}
{"node": "raspberrypi", "Temp": {}, "counter": 0, "percent_cpu": [0.0, 10.1, 0.0, 92.0], "Current": 0.632, "algoritme": "convolv_Linux", "time": "2018-08-24 10:37:29", "resulotion": 320}
{"node": "raspberrypi", "Temp": {}, "counter": 0, "percent_cpu": [1.1, 11.1, 0.0, 92.2], "Current": 0.628, "algoritme": "convolv_Linux", "time": "2018-08-24 10:37:30", "resulotion": 320}
{"node": "raspberrypi", "Temp": {}, "counter": 0, "percent_cpu": [57.7, 25.7, 22.0, 40.8], "Current": 0.579, "algoritme": "convolv_Linux", "time": "2018-08-24 10:37:31", "resulotion": 320}
{"node": "raspberrypi", "Temp": {}, "counter": 0, "percent_cpu": [2.0, 0.0, 0.0, 0.0], "Current": 0.434, "algoritme": "after", "time": "2018-08-24 10:37:32", "resulotion": 0}
{"node": "raspberrypi", "Temp": {}, "counter": 1, "percent_cpu": [1.0, 0.0, 0.0, 0.0], "Current": 0.435, "algoritme": "after", "time": "2018-08-24 10:37:33", "resulotion": 0}
{"node": "raspberrypi", "Temp": {}, "counter": 2, "percent_cpu": [0.0, 0.0, 0.0, 0.0], "Current": 0.375, "algoritme": "after", "time": "2018-08-24 10:37:34", "resulotion": 0}
{"node": "raspberrypi", "Temp": {}, "counter": 3, "percent_cpu": [0.0, 0.0, 0.0, 0.0], "Current": 0.376, "algoritme": "after", "time": "2018-08-24 10:37:36", "resulotion": 0}
{"node": "raspberrypi", "Temp": {}, "counter": 4, "percent_cpu": [2.0, 0.0, 0.0, 0.0], "Current": 0.376, "algoritme": "after", "time": "2018-08-24 10:37:37", "resulotion": 0}
{"node": "raspberrypi", "Temp": {}, "counter": 0, "percent_cpu": [0.0, 0.0, 0.0, 0.0], "Current": 0.374, "algoritme": "before", "time": "2018-08-24 10:37:38", "resulotion": 0}
{"node": "raspberrypi", "Temp": {}, "counter": 1, "percent_cpu": [2.0, 0.0, 0.0, 0.0], "Current": 0.375, "algoritme": "before", "time": "2018-08-24 10:37:39", "resulotion": 0}
{"node": "raspberrypi", "Temp": {}, "counter": 2, "percent_cpu": [1.0, 0.0, 0.0, 0.0], "Current": 0.375, "algoritme": "before", "time": "2018-08-24 10:37:40", "resulotion": 0}
{"node": "raspberrypi", "Temp": {}, "counter": 3, "percent_cpu": [0.0, 0.0, 0.0, 0.0], "Current": 0.376, "algoritme": "before", "time": "2018-08-24 10:37:41", "resulotion": 0}
{"node": "raspberrypi", "Temp": {}, "counter": 4, "percent_cpu": [0.0, 0.0, 0.0, 0.0], "Current": 0.376, "algoritme": "before", "time": "2018-08-24 10:37:43", "resulotion": 0}
{"node": "raspberrypi", "Temp": {}, "counter": 0, "percent_cpu": [11.2, 0.0, 43.4, 2.0], "Current": 0.475, "algoritme": "convolv_Linux", "time": "2018-08-24 10:37:44", "resulotion": 640}
{"node": "raspberrypi", "Temp": {}, "counter": 0, "percent_cpu": [92.0, 26.2, 36.6, 2.1], "Current": 0.611, "algoritme": "convolv_Linux", "time": "2018-08-24 10:37:45", "resulotion": 640}
{"node": "raspberrypi", "Temp": {}, "counter": 0, "percent_cpu": [3.1, 10.0, 92.1, 0.0], "Current": 0.629, "algoritme": "convolv_Linux", "time": "2018-08-24 10:37:46", "resulotion": 640}
{"node": "raspberrypi", "Temp": {}, "counter": 0, "percent_cpu": [89.0, 14.9, 0.0, 0.0], "Current": 0.646, "algoritme": "convolv_Linux", "time": "2018-08-24 10:37:47", "resulotion": 640}
{"node": "raspberrypi", "Temp": {}, "counter": 0, "percent_cpu": [92.9, 11.0, 0.0, 0.0], "Current": 0.629, "algoritme": "convolv_Linux", "time": "2018-08-24 10:37:48", "resulotion": 640}
{"node": "raspberrypi", "Temp": {}, "counter": 0, "percent_cpu": [92.0, 10.0, 0.0, 0.0], "Current": 0.638, "algoritme": "convolv_Linux", "time": "2018-08-24 10:37:50", "resulotion": 640}
{"node": "raspberrypi", "Temp": {}, "counter": 0, "percent_cpu": [93.2, 8.2, 0.0, 0.0], "Current": 0.628, "algoritme": "convolv_Linux", "time": "2018-08-24 10:37:51", "resulotion": 640}
{"node": "raspberrypi", "Temp": {}, "counter": 0, "percent_cpu": [92.9, 11.8, 0.0, 0.0], "Current": 0.633, "algoritme": "convolv_Linux", "time": "2018-08-24 10:37:52", "resulotion": 640}
{"node": "raspberrypi", "Temp": {}, "counter": 0, "percent_cpu": [94.0, 9.8, 2.0, 0.0], "Current": 0.626, "algoritme": "convolv_Linux", "time": "2018-08-24 10:37:53", "resulotion": 640}
{"node": "raspberrypi", "Temp": {}, "counter": 0, "percent_cpu": [92.1, 10.9, 1.0, 0.0], "Current": 0.628, "algoritme": "convolv_Linux", "time": "2018-08-24 10:37:54", "resulotion": 640}
{"node": "raspberrypi", "Temp": {}, "counter": 0, "percent_cpu": [93.1, 5.1, 3.0, 0.0], "Current": 0.651, "algoritme": "convolv_Linux", "time": "2018-08-24 10:37:56", "resulotion": 640}
{"node": "raspberrypi", "Temp": {}, "counter": 0, "percent_cpu": [92.1, 0.0, 9.2, 0.0], "Current": 0.644, "algoritme": "convolv_Linux", "time": "2018-08-24 10:37:57", "resulotion": 640}
{"node": "raspberrypi", "Temp": {}, "counter": 0, "percent_cpu": [93.9, 0.0, 10.0, 0.0], "Current": 0.648, "algoritme": "convolv_Linux", "time": "2018-08-24 10:37:58", "resulotion": 640}
{"node": "raspberrypi", "Temp": {}, "counter": 0, "percent_cpu": [94.1, 0.0, 9.8, 0.0], "Current": 99999, "algoritme": "convolv_Linux", "time": "2018-08-24 10:38:00", "resulotion": 640}
{"node": "raspberrypi", "Temp": {}, "counter": 0, "percent_cpu": [93.0, 0.0, 12.9, 1.0], "Current": -65.0, "algoritme": "convolv_Linux", "time": "2018-08-24 10:38:01", "resulotion": 640}
{"node": "raspberrypi", "Temp": {}, "counter": 0, "percent_cpu": [93.9, 0.0, 10.0, 0.0], "Current": 0.665, "algoritme": "convolv_Linux", "time": "2018-08-24 10:38:03", "resulotion": 640}
{"node": "raspberrypi", "Temp": {}, "counter": 0, "percent_cpu": [91.8, 0.0, 11.9, 0.0], "Current": 0.633, "algoritme": "convolv_Linux", "time": "2018-08-24 10:38:04", "resulotion": 640}
{"node": "raspberrypi", "Temp": {}, "counter": 0, "percent_cpu": [7.1, 13.7, 13.1, 1.0], "Current": 0.416, "algoritme": "convolv_Linux", "time": "2018-08-24 10:38:05", "resulotion": 640}
{"node": "raspberrypi", "Temp": {}, "counter": 0, "percent_cpu": [1.0, 0.0, 0.0, 0.0], "Current": 0.425, "algoritme": "after", "time": "2018-08-24 10:38:06", "resulotion": 0}
{"node": "raspberrypi", "Temp": {}, "counter": 1, "percent_cpu": [0.0, 0.0, 0.0, 0.0], "Current": 0.374, "algoritme": "after", "time": "2018-08-24 10:38:07", "resulotion": 0}
{"node": "raspberrypi", "Temp": {}, "counter": 2, "percent_cpu": [0.0, 0.0, 0.0, 0.0], "Current": 0.376, "algoritme": "after", "time": "2018-08-24 10:38:08", "resulotion": 0}
{"node": "raspberrypi", "Temp": {}, "counter": 3, "percent_cpu": [0.0, 0.0, 0.0, 0.0], "Current": 0.376, "algoritme": "after", "time": "2018-08-24 10:38:10", "resulotion": 0}
{"node": "raspberrypi", "Temp": {}, "counter": 4, "percent_cpu": [0.0, 1.0, 1.0, 1.0], "Current": 0.374, "algoritme": "after", "time": "2018-08-24 10:38:11", "resulotion": 0}
{"node": "raspberrypi", "Temp": {}, "counter": 0, "percent_cpu": [0.0, 0.0, 0.0, 0.0], "Current": 0.376, "algoritme": "before", "time": "2018-08-24 10:38:12", "resulotion": 0}
{"node": "raspberrypi", "Temp": {}, "counter": 1, "percent_cpu": [0.0, 0.0, 1.0, 0.0], "Current": 0.376, "algoritme": "before", "time": "2018-08-24 10:38:13", "resulotion": 0}
{"node": "raspberrypi", "Temp": {}, "counter": 2, "percent_cpu": [0.0, 0.0, 0.0, 0.0], "Current": 0.375, "algoritme": "before", "time": "2018-08-24 10:38:14", "resulotion": 0}
{"node": "raspberrypi", "Temp": {}, "counter": 3, "percent_cpu": [0.0, 0.0, 0.0, 0.0], "Current": 0.375, "algoritme": "before", "time": "2018-08-24 10:38:15", "resulotion": 0}
{"node": "raspberrypi", "Temp": {}, "counter": 4, "percent_cpu": [0.0, 0.0, 0.0, 0.0], "Current": 0.376, "algoritme": "before", "time": "2018-08-24 10:38:17", "resulotion": 0}
{"node": "raspberrypi", "Temp": {}, "counter": 0, "percent_cpu": [53.0, 4.0, 0.0, 3.9], "Current": 0.438, "algoritme": "convolv_Linux", "time": "2018-08-24 10:38:18", "resulotion": 960}
{"node": "raspberrypi", "Temp": {}, "counter": 0, "percent_cpu": [67.7, 23.2, 45.5, 26.0], "Current": 0.711, "algoritme": "convolv_Linux", "time": "2018-08-24 10:38:19", "resulotion": 960}
{"node": "raspberrypi", "Temp": {}, "counter": 0, "percent_cpu": [23.3, 4.0, 89.0, 0.0], "Current": 0.653, "algoritme": "convolv_Linux", "time": "2018-08-24 10:38:20", "resulotion": 960}
{"node": "raspberrypi", "Temp": {}, "counter": 0, "percent_cpu": [17.3, 0.0, 91.1, 0.0], "Current": 0.661, "algoritme": "convolv_Linux", "time": "2018-08-24 10:38:21", "resulotion": 960}
{"node": "raspberrypi", "Temp": {}, "counter": 0, "percent_cpu": [11.7, 0.0, 96.0, 0.0], "Current": 0.651, "algoritme": "convolv_Linux", "time": "2018-08-24 10:38:22", "resulotion": 960}
{"node": "raspberrypi", "Temp": {}, "counter": 0, "percent_cpu": [11.0, 0.0, 94.1, 0.0], "Current": 0.629, "algoritme": "convolv_Linux", "time": "2018-08-24 10:38:24", "resulotion": 960}
{"node": "raspberrypi", "Temp": {}, "counter": 0, "percent_cpu": [25.2, 48.0, 45.0, 0.0], "Current": 0.645, "algoritme": "convolv_Linux", "time": "2018-08-24 10:38:25", "resulotion": 960}
{"node": "raspberrypi", "Temp": {}, "counter": 0, "percent_cpu": [12.0, 62.6, 39.6, 0.0], "Current": 0.656, "algoritme": "convolv_Linux", "time": "2018-08-24 10:38:26", "resulotion": 960}
{"node": "raspberrypi", "Temp": {}, "counter": 0, "percent_cpu": [0.0, 92.0, 9.9, 0.0], "Current": 0.643, "algoritme": "convolv_Linux", "time": "2018-08-24 10:38:27", "resulotion": 960}
{"node": "raspberrypi", "Temp": {}, "counter": 0, "percent_cpu": [0.0, 88.5, 11.2, 0.0], "Current": 0.629, "algoritme": "convolv_Linux", "time": "2018-08-24 10:38:28", "resulotion": 960}
{"node": "raspberrypi", "Temp": {}, "counter": 0, "percent_cpu": [88.8, 0.0, 14.7, 0.0], "Current": 0.629, "algoritme": "convolv_Linux", "time": "2018-08-24 10:38:29", "resulotion": 960}
{"node": "raspberrypi", "Temp": {}, "counter": 0, "percent_cpu": [66.7, 9.4, 51.5, 12.1], "Current": 0.701, "algoritme": "convolv_Linux", "time": "2018-08-24 10:38:31", "resulotion": 960}
{"node": "raspberrypi", "Temp": {}, "counter": 0, "percent_cpu": [14.6, 0.0, 88.0, 0.0], "Current": 0.657, "algoritme": "convolv_Linux", "time": "2018-08-24 10:38:32", "resulotion": 960}
{"node": "raspberrypi", "Temp": {}, "counter": 0, "percent_cpu": [10.5, 1.0, 91.0, 0.0], "Current": 0.642, "algoritme": "convolv_Linux", "time": "2018-08-24 10:38:33", "resulotion": 960}
{"node": "raspberrypi", "Temp": {}, "counter": 0, "percent_cpu": [12.2, 0.0, 92.0, 0.0], "Current": 0.629, "algoritme": "convolv_Linux", "time": "2018-08-24 10:38:34", "resulotion": 960}
{"node": "raspberrypi", "Temp": {}, "counter": 0, "percent_cpu": [12.2, 0.0, 90.9, 0.0], "Current": 0.629, "algoritme": "convolv_Linux", "time": "2018-08-24 10:38:35", "resulotion": 960}
{"node": "raspberrypi", "Temp": {}, "counter": 0, "percent_cpu": [11.2, 0.0, 92.0, 0.0], "Current": 99999, "algoritme": "convolv_Linux", "time": "2018-08-24 10:38:37", "resulotion": 960}
{"node": "raspberrypi", "Temp": {}, "counter": 0, "percent_cpu": [22.3, 3.0, 22.2, 9.1], "Current": -41.0, "algoritme": "convolv_Linux", "time": "2018-08-24 10:38:39", "resulotion": 960}
{"node": "raspberrypi", "Temp": {}, "counter": 0, "percent_cpu": [1.0, 0.0, 0.0, 0.0], "Current": 0.438, "algoritme": "after", "time": "2018-08-24 10:38:40", "resulotion": 0}
{"node": "raspberrypi", "Temp": {}, "counter": 1, "percent_cpu": [0.0, 0.0, 0.0, 0.0], "Current": 0.378, "algoritme": "after", "time": "2018-08-24 10:38:41", "resulotion": 0}
{"node": "raspberrypi", "Temp": {}, "counter": 2, "percent_cpu": [0.0, 0.0, 0.0, 0.0], "Current": 0.376, "algoritme": "after", "time": "2018-08-24 10:38:42", "resulotion": 0}
{"node": "raspberrypi", "Temp": {}, "counter": 3, "percent_cpu": [0.0, 0.0, 0.0, 0.0], "Current": 0.376, "algoritme": "after", "time": "2018-08-24 10:38:43", "resulotion": 0}
{"node": "raspberrypi", "Temp": {}, "counter": 4, "percent_cpu": [0.0, 0.0, 0.0, 0.0], "Current": 0.377, "algoritme": "after", "time": "2018-08-24 10:38:45", "resulotion": 0}
{"node": "raspberrypi", "Temp": {}, "counter": 0, "percent_cpu": [0.0, 0.0, 0.0, 1.0], "Current": 0.375, "algoritme": "before", "time": "2018-08-24 10:38:46", "resulotion": 0}
{"node": "raspberrypi", "Temp": {}, "counter": 1, "percent_cpu": [0.0, 0.0, 0.0, 0.0], "Current": 0.375, "algoritme": "before", "time": "2018-08-24 10:38:47", "resulotion": 0}
{"node": "raspberrypi", "Temp": {}, "counter": 2, "percent_cpu": [0.0, 0.0, 0.0, 0.0], "Current": 0.375, "algoritme": "before", "time": "2018-08-24 10:38:48", "resulotion": 0}
{"node": "raspberrypi", "Temp": {}, "counter": 3, "percent_cpu": [0.0, 0.0, 0.0, 0.0], "Current": 0.376, "algoritme": "before", "time": "2018-08-24 10:38:49", "resulotion": 0}
{"node": "raspberrypi", "Temp": {}, "counter": 4, "percent_cpu": [0.0, 0.0, 0.0, 0.0], "Current": 0.375, "algoritme": "before", "time": "2018-08-24 10:38:50", "resulotion": 0}
{"node": "raspberrypi", "Temp": {}, "counter": 0, "percent_cpu": [51.0, 1.0, 0.0, 12.1], "Current": 0.493, "algoritme": "convolv20_Linux", "time": "2018-08-24 10:38:52", "resulotion": 176}
{"node": "raspberrypi", "Temp": {}, "counter": 0, "percent_cpu": [89.7, 13.6, 1.0, 14.0], "Current": 0.594, "algoritme": "convolv20_Linux", "time": "2018-08-24 10:38:53", "resulotion": 176}
{"node": "raspberrypi", "Temp": {}, "counter": 0, "percent_cpu": [40.8, 0.0, 57.1, 1.0], "Current": 0.596, "algoritme": "convolv20_Linux", "time": "2018-08-24 10:38:54", "resulotion": 176}
{"node": "raspberrypi", "Temp": {}, "counter": 0, "percent_cpu": [68.4, 0.0, 28.0, 0.0], "Current": 0.597, "algoritme": "convolv20_Linux", "time": "2018-08-24 10:38:55", "resulotion": 176}
{"node": "raspberrypi", "Temp": {}, "counter": 0, "percent_cpu": [2.1, 3.1, 88.0, 0.0], "Current": 0.599, "algoritme": "convolv20_Linux", "time": "2018-08-24 10:38:56", "resulotion": 176}
{"node": "raspberrypi", "Temp": {}, "counter": 0, "percent_cpu": [1.1, 6.2, 88.1, 0.0], "Current": 0.598, "algoritme": "convolv20_Linux", "time": "2018-08-24 10:38:57", "resulotion": 176}
{"node": "raspberrypi", "Temp": {}, "counter": 0, "percent_cpu": [0.0, 6.1, 87.8, 0.0], "Current": 0.6, "algoritme": "convolv20_Linux", "time": "2018-08-24 10:38:58", "resulotion": 176}
{"node": "raspberrypi", "Temp": {}, "counter": 0, "percent_cpu": [0.0, 7.1, 88.2, 0.0], "Current": 0.598, "algoritme": "convolv20_Linux", "time": "2018-08-24 10:39:00", "resulotion": 176}
{"node": "raspberrypi", "Temp": {}, "counter": 0, "percent_cpu": [1.1, 41.0, 54.6, 1.0], "Current": 0.597, "algoritme": "convolv20_Linux", "time": "2018-08-24 10:39:01", "resulotion": 176}
{"node": "raspberrypi", "Temp": {}, "counter": 0, "percent_cpu": [54.1, 52.5, 12.2, 4.0], "Current": 0.639, "algoritme": "convolv20_Linux", "time": "2018-08-24 10:39:02", "resulotion": 176}
{"node": "raspberrypi", "Temp": {}, "counter": 0, "percent_cpu": [1.1, 88.0, 6.1, 0.0], "Current": 0.6, "algoritme": "convolv20_Linux", "time": "2018-08-24 10:39:03", "resulotion": 176}
{"node": "raspberrypi", "Temp": {}, "counter": 0, "percent_cpu": [1.1, 88.5, 8.8, 0.0], "Current": 0.596, "algoritme": "convolv20_Linux", "time": "2018-08-24 10:39:04", "resulotion": 176}
{"node": "raspberrypi", "Temp": {}, "counter": 0, "percent_cpu": [0.0, 86.7, 7.0, 0.0], "Current": 0.597, "algoritme": "convolv20_Linux", "time": "2018-08-24 10:39:05", "resulotion": 176}
{"node": "raspberrypi", "Temp": {}, "counter": 0, "percent_cpu": [1.1, 88.0, 7.0, 0.0], "Current": 0.598, "algoritme": "convolv20_Linux", "time": "2018-08-24 10:39:07", "resulotion": 176}
{"node": "raspberrypi", "Temp": {}, "counter": 0, "percent_cpu": [1.1, 51.5, 43.9, 0.0], "Current": 0.597, "algoritme": "convolv20_Linux", "time": "2018-08-24 10:39:08", "resulotion": 176}
{"node": "raspberrypi", "Temp": {}, "counter": 0, "percent_cpu": [0.0, 70.3, 25.0, 0.0], "Current": 0.598, "algoritme": "convolv20_Linux", "time": "2018-08-24 10:39:09", "resulotion": 176}
{"node": "raspberrypi", "Temp": {}, "counter": 0, "percent_cpu": [0.0, 88.1, 4.1, 1.0], "Current": 0.596, "algoritme": "convolv20_Linux", "time": "2018-08-24 10:39:10", "resulotion": 176}
{"node": "raspberrypi", "Temp": {}, "counter": 0, "percent_cpu": [1.1, 89.0, 6.1, 0.0], "Current": 0.597, "algoritme": "convolv20_Linux", "time": "2018-08-24 10:39:11", "resulotion": 176}
{"node": "raspberrypi", "Temp": {}, "counter": 0, "percent_cpu": [1.0, 18.0, 15.0, 8.0], "Current": 0.414, "algoritme": "convolv20_Linux", "time": "2018-08-24 10:39:13", "resulotion": 176}
{"node": "raspberrypi", "Temp": {}, "counter": 0, "percent_cpu": [0.0, 0.0, 0.0, 0.0], "Current": 0.411, "algoritme": "after", "time": "2018-08-24 10:39:14", "resulotion": 0}
{"node": "raspberrypi", "Temp": {}, "counter": 1, "percent_cpu": [0.0, 0.0, 0.0, 0.0], "Current": 0.375, "algoritme": "after", "time": "2018-08-24 10:39:15", "resulotion": 0}
{"node": "raspberrypi", "Temp": {}, "counter": 2, "percent_cpu": [0.0, 0.0, 0.0, 0.0], "Current": 0.377, "algoritme": "after", "time": "2018-08-24 10:39:16", "resulotion": 0}
{"node": "raspberrypi", "Temp": {}, "counter": 3, "percent_cpu": [7.0, 5.9, 6.8, 0.0], "Current": 0.375, "algoritme": "after", "time": "2018-08-24 10:39:17", "resulotion": 0}
{"node": "raspberrypi", "Temp": {}, "counter": 4, "percent_cpu": [0.0, 0.0, 0.0, 0.0], "Current": 0.376, "algoritme": "after", "time": "2018-08-24 10:39:18", "resulotion": 0}
{"node": "raspberrypi", "Temp": {}, "counter": 0, "percent_cpu": [0.0, 1.0, 1.0, 0.0], "Current": 0.377, "algoritme": "before", "time": "2018-08-24 10:39:19", "resulotion": 0}
{"node": "raspberrypi", "Temp": {}, "counter": 1, "percent_cpu": [1.0, 0.0, 0.0, 1.0], "Current": 0.378, "algoritme": "before", "time": "2018-08-24 10:39:21", "resulotion": 0}
{"node": "raspberrypi", "Temp": {}, "counter": 2, "percent_cpu": [0.0, 0.0, 0.0, 0.0], "Current": 0.376, "algoritme": "before", "time": "2018-08-24 10:39:22", "resulotion": 0}
{"node": "raspberrypi", "Temp": {}, "counter": 3, "percent_cpu": [0.0, 0.0, 0.0, 0.0], "Current": 0.376, "algoritme": "before", "time": "2018-08-24 10:39:23", "resulotion": 0}
{"node": "raspberrypi", "Temp": {}, "counter": 4, "percent_cpu": [0.0, 0.0, 0.0, 0.0], "Current": 0.377, "algoritme": "before", "time": "2018-08-24 10:39:24", "resulotion": 0}
{"node": "raspberrypi", "Temp": {}, "counter": 0, "percent_cpu": [51.0, 3.0, 7.2, 2.0], "Current": 0.435, "algoritme": "convolv20_Linux", "time": "2018-08-24 10:39:25", "resulotion": 320}
{"node": "raspberrypi", "Temp": {}, "counter": 0, "percent_cpu": [1.1, 89.0, 33.7, 17.8], "Current": 0.628, "algoritme": "convolv20_Linux", "time": "2018-08-24 10:39:26", "resulotion": 320}
{"node": "raspberrypi", "Temp": {}, "counter": 0, "percent_cpu": [0.0, 98.0, 1.0, 0.0], "Current": 0.624, "algoritme": "convolv20_Linux", "time": "2018-08-24 10:39:28", "resulotion": 320}
{"node": "raspberrypi", "Temp": {}, "counter": 0, "percent_cpu": [0.0, 98.0, 4.0, 0.0], "Current": 0.623, "algoritme": "convolv20_Linux", "time": "2018-08-24 10:39:29", "resulotion": 320}
{"node": "raspberrypi", "Temp": {}, "counter": 0, "percent_cpu": [0.0, 98.0, 3.0, 0.0], "Current": 0.623, "algoritme": "convolv20_Linux", "time": "2018-08-24 10:39:30", "resulotion": 320}
{"node": "raspberrypi", "Temp": {}, "counter": 0, "percent_cpu": [1.1, 98.0, 3.0, 1.0], "Current": 0.635, "algoritme": "convolv20_Linux", "time": "2018-08-24 10:39:31", "resulotion": 320}
{"node": "raspberrypi", "Temp": {}, "counter": 0, "percent_cpu": [0.0, 97.0, 5.0, 0.0], "Current": 0.624, "algoritme": "convolv20_Linux", "time": "2018-08-24 10:39:32", "resulotion": 320}
{"node": "raspberrypi", "Temp": {}, "counter": 0, "percent_cpu": [0.0, 98.0, 2.0, 0.0], "Current": 0.626, "algoritme": "convolv20_Linux", "time": "2018-08-24 10:39:33", "resulotion": 320}
{"node": "raspberrypi", "Temp": {}, "counter": 0, "percent_cpu": [1.0, 98.0, 2.0, 1.0], "Current": 0.624, "algoritme": "convolv20_Linux", "time": "2018-08-24 10:39:35", "resulotion": 320}
{"node": "raspberrypi", "Temp": {}, "counter": 0, "percent_cpu": [0.0, 98.0, 2.0, 0.0], "Current": 0.623, "algoritme": "convolv20_Linux", "time": "2018-08-24 10:39:36", "resulotion": 320}
{"node": "raspberrypi", "Temp": {}, "counter": 0, "percent_cpu": [1.1, 97.0, 3.0, 2.9], "Current": 0.626, "algoritme": "convolv20_Linux", "time": "2018-08-24 10:39:37", "resulotion": 320}
{"node": "raspberrypi", "Temp": {}, "counter": 0, "percent_cpu": [2.1, 98.0, 3.0, 0.0], "Current": 0.624, "algoritme": "convolv20_Linux", "time": "2018-08-24 10:39:38", "resulotion": 320}
{"node": "raspberrypi", "Temp": {}, "counter": 0, "percent_cpu": [0.0, 98.1, 2.0, 0.0], "Current": 0.623, "algoritme": "convolv20_Linux", "time": "2018-08-24 10:39:39", "resulotion": 320}
{"node": "raspberrypi", "Temp": {}, "counter": 0, "percent_cpu": [0.0, 97.0, 5.8, 0.0], "Current": 0.625, "algoritme": "convolv20_Linux", "time": "2018-08-24 10:39:40", "resulotion": 320}
{"node": "raspberrypi", "Temp": {}, "counter": 0, "percent_cpu": [1.0, 98.0, 4.9, 0.0], "Current": 0.623, "algoritme": "convolv20_Linux", "time": "2018-08-24 10:39:42", "resulotion": 320}
{"node": "raspberrypi", "Temp": {}, "counter": 0, "percent_cpu": [1.1, 98.0, 5.0, 1.0], "Current": 0.629, "algoritme": "convolv20_Linux", "time": "2018-08-24 10:39:43", "resulotion": 320}
{"node": "raspberrypi", "Temp": {}, "counter": 0, "percent_cpu": [1.0, 98.0, 3.0, 0.0], "Current": 0.624, "algoritme": "convolv20_Linux", "time": "2018-08-24 10:39:44", "resulotion": 320}
{"node": "raspberrypi", "Temp": {}, "counter": 0, "percent_cpu": [0.0, 98.0, 3.0, 0.0], "Current": 0.631, "algoritme": "convolv20_Linux", "time": "2018-08-24 10:39:45", "resulotion": 320}
{"node": "raspberrypi", "Temp": {}, "counter": 0, "percent_cpu": [11.3, 41.8, 15.2, 7.9], "Current": 0.417, "algoritme": "convolv20_Linux", "time": "2018-08-24 10:39:46", "resulotion": 320}
{"node": "raspberrypi", "Temp": {}, "counter": 0, "percent_cpu": [0.0, 0.0, 0.0, 1.0], "Current": 0.414, "algoritme": "after", "time": "2018-08-24 10:39:47", "resulotion": 0}
{"node": "raspberrypi", "Temp": {}, "counter": 1, "percent_cpu": [0.0, 0.0, 0.0, 0.0], "Current": 0.348, "algoritme": "after", "time": "2018-08-24 10:39:49", "resulotion": 0}
{"node": "raspberrypi", "Temp": {}, "counter": 2, "percent_cpu": [0.0, 0.0, 0.0, 0.0], "Current": 0.373, "algoritme": "after", "time": "2018-08-24 10:39:50", "resulotion": 0}
{"node": "raspberrypi", "Temp": {}, "counter": 3, "percent_cpu": [0.0, 0.0, 1.0, 0.0], "Current": 0.376, "algoritme": "after", "time": "2018-08-24 10:39:51", "resulotion": 0}
{"node": "raspberrypi", "Temp": {}, "counter": 4, "percent_cpu": [0.0, 0.0, 0.0, 0.0], "Current": 0.375, "algoritme": "after", "time": "2018-08-24 10:39:52", "resulotion": 0}
{"node": "raspberrypi", "Temp": {}, "counter": 0, "percent_cpu": [0.0, 0.0, 0.0, 0.0], "Current": 0.378, "algoritme": "before", "time": "2018-08-24 10:39:53", "resulotion": 0}
{"node": "raspberrypi", "Temp": {}, "counter": 1, "percent_cpu": [0.0, 1.0, 0.0, 1.0], "Current": 0.376, "algoritme": "before", "time": "2018-08-24 10:39:55", "resulotion": 0}
{"node": "raspberrypi", "Temp": {}, "counter": 2, "percent_cpu": [0.0, 0.0, 0.0, 0.0], "Current": 0.376, "algoritme": "before", "time": "2018-08-24 10:39:56", "resulotion": 0}
{"node": "raspberrypi", "Temp": {}, "counter": 3, "percent_cpu": [0.0, 0.0, 0.0, 0.0], "Current": 0.377, "algoritme": "before", "time": "2018-08-24 10:39:57", "resulotion": 0}
{"node": "raspberrypi", "Temp": {}, "counter": 4, "percent_cpu": [0.0, 0.0, 0.0, 0.0], "Current": 0.375, "algoritme": "before", "time": "2018-08-24 10:39:58", "resulotion": 0}
{"node": "raspberrypi", "Temp": {}, "counter": 0, "percent_cpu": [53.0, 0.0, 5.9, 0.0], "Current": 0.439, "algoritme": "convolv20_Linux", "time": "2018-08-24 10:39:59", "resulotion": 640}
{"node": "raspberrypi", "Temp": {}, "counter": 0, "percent_cpu": [2.1, 34.7, 99.0, 21.6], "Current": 0.713, "algoritme": "convolv20_Linux", "time": "2018-08-24 10:40:00", "resulotion": 640}
{"node": "raspberrypi", "Temp": {}, "counter": 0, "percent_cpu": [1.1, 17.6, 97.0, 5.9], "Current": 0.633, "algoritme": "convolv20_Linux", "time": "2018-08-24 10:40:01", "resulotion": 640}
{"node": "raspberrypi", "Temp": {}, "counter": 0, "percent_cpu": [1.1, 5.0, 97.0, 1.0], "Current": 0.632, "algoritme": "convolv20_Linux", "time": "2018-08-24 10:40:03", "resulotion": 640}
{"node": "raspberrypi", "Temp": {}, "counter": 0, "percent_cpu": [0.0, 3.1, 96.0, 0.0], "Current": 0.634, "algoritme": "convolv20_Linux", "time": "2018-08-24 10:40:04", "resulotion": 640}
{"node": "raspberrypi", "Temp": {}, "counter": 0, "percent_cpu": [0.0, 5.9, 96.0, 0.0], "Current": 0.652, "algoritme": "convolv20_Linux", "time": "2018-08-24 10:40:05", "resulotion": 640}
{"node": "raspberrypi", "Temp": {}, "counter": 0, "percent_cpu": [0.0, 5.9, 96.0, 0.0], "Current": 0.65, "algoritme": "convolv20_Linux", "time": "2018-08-24 10:40:06", "resulotion": 640}
{"node": "raspberrypi", "Temp": {}, "counter": 0, "percent_cpu": [2.1, 5.9, 96.0, 1.0], "Current": 0.656, "algoritme": "convolv20_Linux", "time": "2018-08-24 10:40:07", "resulotion": 640}
{"node": "raspberrypi", "Temp": {}, "counter": 0, "percent_cpu": [3.1, 3.9, 98.0, 1.0], "Current": 0.632, "algoritme": "convolv20_Linux", "time": "2018-08-24 10:40:09", "resulotion": 640}
{"node": "raspberrypi", "Temp": {}, "counter": 0, "percent_cpu": [15.8, 13.9, 96.0, 6.1], "Current": 0.716, "algoritme": "convolv20_Linux", "time": "2018-08-24 10:40:10", "resulotion": 640}
{"node": "raspberrypi", "Temp": {}, "counter": 0, "percent_cpu": [2.1, 4.1, 96.1, 0.0], "Current": 0.631, "algoritme": "convolv20_Linux", "time": "2018-08-24 10:40:11", "resulotion": 640}
{"node": "raspberrypi", "Temp": {}, "counter": 0, "percent_cpu": [2.1, 5.1, 96.0, 0.0], "Current": 0.632, "algoritme": "convolv20_Linux", "time": "2018-08-24 10:40:12", "resulotion": 640}
{"node": "raspberrypi", "Temp": {}, "counter": 0, "percent_cpu": [0.0, 4.0, 97.0, 1.0], "Current": 0.633, "algoritme": "convolv20_Linux", "time": "2018-08-24 10:40:13", "resulotion": 640}
{"node": "raspberrypi", "Temp": {}, "counter": 0, "percent_cpu": [0.0, 6.9, 96.0, 0.0], "Current": 0.633, "algoritme": "convolv20_Linux", "time": "2018-08-24 10:40:14", "resulotion": 640}
{"node": "raspberrypi", "Temp": {}, "counter": 0, "percent_cpu": [6.0, 6.0, 96.0, 1.0], "Current": 0.653, "algoritme": "convolv20_Linux", "time": "2018-08-24 10:40:16", "resulotion": 640}
{"node": "raspberrypi", "Temp": {}, "counter": 0, "percent_cpu": [1.1, 5.9, 96.0, 0.0], "Current": 0.649, "algoritme": "convolv20_Linux", "time": "2018-08-24 10:40:17", "resulotion": 640}
{"node": "raspberrypi", "Temp": {}, "counter": 0, "percent_cpu": [4.1, 2.0, 98.0, 1.0], "Current": 0.632, "algoritme": "convolv20_Linux", "time": "2018-08-24 10:40:18", "resulotion": 640}
{"node": "raspberrypi", "Temp": {}, "counter": 0, "percent_cpu": [3.1, 4.0, 98.0, 0.0], "Current": 0.635, "algoritme": "convolv20_Linux", "time": "2018-08-24 10:40:19", "resulotion": 640}
{"node": "raspberrypi", "Temp": {}, "counter": 0, "percent_cpu": [11.2, 13.3, 46.0, 1.0], "Current": 0.486, "algoritme": "convolv20_Linux", "time": "2018-08-24 10:40:20", "resulotion": 640}
{"node": "raspberrypi", "Temp": {}, "counter": 0, "percent_cpu": [0.0, 0.0, 0.0, 0.0], "Current": 0.44, "algoritme": "after", "time": "2018-08-24 10:40:21", "resulotion": 0}
{"node": "raspberrypi", "Temp": {}, "counter": 1, "percent_cpu": [0.0, 0.0, 0.0, 0.0], "Current": 0.376, "algoritme": "after", "time": "2018-08-24 10:40:23", "resulotion": 0}
{"node": "raspberrypi", "Temp": {}, "counter": 2, "percent_cpu": [1.0, 0.0, 0.0, 0.0], "Current": 0.376, "algoritme": "after", "time": "2018-08-24 10:40:24", "resulotion": 0}
{"node": "raspberrypi", "Temp": {}, "counter": 3, "percent_cpu": [2.0, 0.0, 0.0, 0.0], "Current": 0.382, "algoritme": "after", "time": "2018-08-24 10:40:25", "resulotion": 0}
{"node": "raspberrypi", "Temp": {}, "counter": 4, "percent_cpu": [1.0, 0.0, 0.0, 0.0], "Current": 0.378, "algoritme": "after", "time": "2018-08-24 10:40:26", "resulotion": 0}
{"node": "raspberrypi", "Temp": {}, "counter": 0, "percent_cpu": [0.0, 0.0, 0.0, 0.0], "Current": 0.376, "algoritme": "before", "time": "2018-08-24 10:40:27", "resulotion": 0}
{"node": "raspberrypi", "Temp": {}, "counter": 1, "percent_cpu": [0.0, 0.0, 0.0, 0.0], "Current": 0.376, "algoritme": "before", "time": "2018-08-24 10:40:28", "resulotion": 0}
{"node": "raspberrypi", "Temp": {}, "counter": 2, "percent_cpu": [0.0, 0.0, 0.0, 0.0], "Current": 0.376, "algoritme": "before", "time": "2018-08-24 10:40:29", "resulotion": 0}
{"node": "raspberrypi", "Temp": {}, "counter": 3, "percent_cpu": [2.0, 0.0, 0.0, 0.0], "Current": 0.376, "algoritme": "before", "time": "2018-08-24 10:40:31", "resulotion": 0}
{"node": "raspberrypi", "Temp": {}, "counter": 4, "percent_cpu": [0.0, 0.0, 0.0, 0.0], "Current": 0.375, "algoritme": "before", "time": "2018-08-24 10:40:32", "resulotion": 0}
{"node": "raspberrypi", "Temp": {}, "counter": 0, "percent_cpu": [52.5, 5.1, 0.0, 0.0], "Current": 0.44, "algoritme": "convolv20_Linux", "time": "2018-08-24 10:40:33", "resulotion": 960}
{"node": "raspberrypi", "Temp": {}, "counter": 0, "percent_cpu": [97.0, 3.0, 0.0, 1.0], "Current": 0.618, "algoritme": "convolv20_Linux", "time": "2018-08-24 10:40:34", "resulotion": 960}
{"node": "raspberrypi", "Temp": {}, "counter": 0, "percent_cpu": [100.0, 23.2, 4.0, 18.4], "Current": 0.622, "algoritme": "convolv20_Linux", "time": "2018-08-24 10:40:35", "resulotion": 960}
{"node": "raspberrypi", "Temp": {}, "counter": 0, "percent_cpu": [94.1, 6.9, 1.0, 14.9], "Current": 0.624, "algoritme": "convolv20_Linux", "time": "2018-08-24 10:40:36", "resulotion": 960}
{"node": "raspberrypi", "Temp": {}, "counter": 0, "percent_cpu": [71.7, 3.0, 28.0, 0.0], "Current": 0.623, "algoritme": "convolv20_Linux", "time": "2018-08-24 10:40:38", "resulotion": 960}
{"node": "raspberrypi", "Temp": {}, "counter": 0, "percent_cpu": [1.0, 30.0, 71.7, 0.0], "Current": 0.623, "algoritme": "convolv20_Linux", "time": "2018-08-24 10:40:39", "resulotion": 960}
{"node": "raspberrypi", "Temp": {}, "counter": 0, "percent_cpu": [0.0, 5.9, 96.0, 0.0], "Current": 0.628, "algoritme": "convolv20_Linux", "time": "2018-08-24 10:40:40", "resulotion": 960}
{"node": "raspberrypi", "Temp": {}, "counter": 0, "percent_cpu": [0.0, 3.0, 97.0, 0.0], "Current": 0.628, "algoritme": "convolv20_Linux", "time": "2018-08-24 10:40:41", "resulotion": 960}
{"node": "raspberrypi", "Temp": {}, "counter": 0, "percent_cpu": [1.0, 5.9, 96.0, 0.0], "Current": 0.623, "algoritme": "convolv20_Linux", "time": "2018-08-24 10:40:42", "resulotion": 960}
{"node": "raspberrypi", "Temp": {}, "counter": 0, "percent_cpu": [4.0, 5.1, 96.0, 0.0], "Current": 0.625, "algoritme": "convolv20_Linux", "time": "2018-08-24 10:40:43", "resulotion": 960}
{"node": "raspberrypi", "Temp": {}, "counter": 0, "percent_cpu": [0.0, 5.8, 97.0, 0.0], "Current": 0.731, "algoritme": "convolv20_Linux", "time": "2018-08-24 10:40:44", "resulotion": 960}
{"node": "raspberrypi", "Temp": {}, "counter": 0, "percent_cpu": [11.3, 4.0, 96.0, 0.0], "Current": 0.626, "algoritme": "convolv20_Linux", "time": "2018-08-24 10:40:46", "resulotion": 960}
{"node": "raspberrypi", "Temp": {}, "counter": 0, "percent_cpu": [5.9, 6.9, 95.0, 0.0], "Current": 0.656, "algoritme": "convolv20_Linux", "time": "2018-08-24 10:40:47", "resulotion": 960}
{"node": "raspberrypi", "Temp": {}, "counter": 0, "percent_cpu": [2.1, 32.7, 68.0, 0.0], "Current": 0.627, "algoritme": "convolv20_Linux", "time": "2018-08-24 10:40:48", "resulotion": 960}
{"node": "raspberrypi", "Temp": {}, "counter": 0, "percent_cpu": [1.0, 4.0, 96.1, 0.0], "Current": 0.638, "algoritme": "convolv20_Linux", "time": "2018-08-24 10:40:49", "resulotion": 960}
{"node": "raspberrypi", "Temp": {}, "counter": 0, "percent_cpu": [1.0, 2.0, 99.0, 0.0], "Current": 0.63, "algoritme": "convolv20_Linux", "time": "2018-08-24 10:40:50", "resulotion": 960}
{"node": "raspberrypi", "Temp": {}, "counter": 0, "percent_cpu": [0.0, 3.0, 97.0, 0.0], "Current": 0.725, "algoritme": "convolv20_Linux", "time": "2018-08-24 10:40:51", "resulotion": 960}
{"node": "raspberrypi", "Temp": {}, "counter": 0, "percent_cpu": [1.0, 5.9, 96.0, 0.0], "Current": 0.652, "algoritme": "convolv20_Linux", "time": "2018-08-24 10:40:53", "resulotion": 960}
{"node": "raspberrypi", "Temp": {}, "counter": 0, "percent_cpu": [2.0, 4.0, 96.0, 0.0], "Current": 0.626, "algoritme": "convolv20_Linux", "time": "2018-08-24 10:40:54", "resulotion": 960}
{"node": "raspberrypi", "Temp": {}, "counter": 0, "percent_cpu": [12.9, 10.2, 11.0, 5.0], "Current": 0.472, "algoritme": "after", "time": "2018-08-24 10:40:55", "resulotion": 0}
{"node": "raspberrypi", "Temp": {}, "counter": 1, "percent_cpu": [0.0, 0.0, 0.0, 0.0], "Current": 0.376, "algoritme": "after", "time": "2018-08-24 10:40:56", "resulotion": 0}
{"node": "raspberrypi", "Temp": {}, "counter": 2, "percent_cpu": [0.0, 0.0, 0.0, 0.0], "Current": 0.377, "algoritme": "after", "time": "2018-08-24 10:40:57", "resulotion": 0}
{"node": "raspberrypi", "Temp": {}, "counter": 3, "percent_cpu": [0.0, 0.0, 0.0, 0.0], "Current": 0.376, "algoritme": "after", "time": "2018-08-24 10:40:58", "resulotion": 0}
{"node": "raspberrypi", "Temp": {}, "counter": 4, "percent_cpu": [0.0, 0.0, 0.0, 0.0], "Current": 0.375, "algoritme": "after", "time": "2018-08-24 10:41:00", "resulotion": 0}
