{"ratioCalTime": "35.5742", "Type": "linux", "Second": 1, "algoritme": "convolv_Linux", "fps": "28", "resolution": "176"}
{"ratioCalTime": "35.5742", "Type": "linux", "Second": 2, "algoritme": "convolv_Linux", "fps": "30", "resolution": "176"}
{"ratioCalTime": "35.5742", "Type": "linux", "Second": 3, "algoritme": "convolv_Linux", "fps": "30", "resolution": "176"}
{"ratioCalTime": "35.5742", "Type": "linux", "Second": 4, "algoritme": "convolv_Linux", "fps": "16", "resolution": "176"}
{"ratioCalTime": "35.5742", "Type": "linux", "Second": 5, "algoritme": "convolv_Linux", "fps": "22", "resolution": "176"}
{"ratioCalTime": "35.5742", "Type": "linux", "Second": 6, "algoritme": "convolv_Linux", "fps": "29", "resolution": "176"}
{"ratioCalTime": "35.5742", "Type": "linux", "Second": 7, "algoritme": "convolv_Linux", "fps": "27", "resolution": "176"}
{"ratioCalTime": "35.5742", "Type": "linux", "Second": 8, "algoritme": "convolv_Linux", "fps": "24", "resolution": "176"}
{"ratioCalTime": "35.5742", "Type": "linux", "Second": 9, "algoritme": "convolv_Linux", "fps": "23", "resolution": "176"}
{"ratioCalTime": "35.5742", "Type": "linux", "Second": 10, "algoritme": "convolv_Linux", "fps": "24", "resolution": "176"}
{"ratioCalTime": "35.5742", "Type": "linux", "Second": 11, "algoritme": "convolv_Linux", "fps": "24", "resolution": "176"}
{"ratioCalTime": "35.5742", "Type": "linux", "Second": 12, "algoritme": "convolv_Linux", "fps": "24", "resolution": "176"}
{"ratioCalTime": "35.5742", "Type": "linux", "Second": 13, "algoritme": "convolv_Linux", "fps": "23", "resolution": "176"}
{"ratioCalTime": "35.5742", "Type": "linux", "Second": 14, "algoritme": "convolv_Linux", "fps": "24", "resolution": "176"}
{"ratioCalTime": "35.5742", "Type": "linux", "Second": 15, "algoritme": "convolv_Linux", "fps": "24", "resolution": "176"}
{"ratioCalTime": "35.5742", "Type": "linux", "Second": 16, "algoritme": "convolv_Linux", "fps": "24", "resolution": "176"}
{"ratioCalTime": "35.5742", "Type": "linux", "Second": 17, "algoritme": "convolv_Linux", "fps": "24", "resolution": "176"}
{"ratioCalTime": "35.5742", "Type": "linux", "Second": 18, "algoritme": "convolv_Linux", "fps": "24", "resolution": "176"}
{"ratioCalTime": "35.5742", "Type": "linux", "Second": 19, "algoritme": "convolv_Linux", "fps": "24", "resolution": "176"}
