{"ratioCalTime": "72.1223", "Type": "linux", "Second": 1, "algoritme": "convolv20_Linux", "fps": "18", "resolution": "176"}
{"ratioCalTime": "72.1223", "Type": "linux", "Second": 2, "algoritme": "convolv20_Linux", "fps": "19", "resolution": "176"}
{"ratioCalTime": "72.1223", "Type": "linux", "Second": 3, "algoritme": "convolv20_Linux", "fps": "19", "resolution": "176"}
{"ratioCalTime": "72.1223", "Type": "linux", "Second": 4, "algoritme": "convolv20_Linux", "fps": "20", "resolution": "176"}
{"ratioCalTime": "72.1223", "Type": "linux", "Second": 5, "algoritme": "convolv20_Linux", "fps": "20", "resolution": "176"}
{"ratioCalTime": "72.1223", "Type": "linux", "Second": 6, "algoritme": "convolv20_Linux", "fps": "20", "resolution": "176"}
{"ratioCalTime": "72.1223", "Type": "linux", "Second": 7, "algoritme": "convolv20_Linux", "fps": "22", "resolution": "176"}
{"ratioCalTime": "72.1223", "Type": "linux", "Second": 8, "algoritme": "convolv20_Linux", "fps": "19", "resolution": "176"}
{"ratioCalTime": "72.1223", "Type": "linux", "Second": 9, "algoritme": "convolv20_Linux", "fps": "20", "resolution": "176"}
{"ratioCalTime": "72.1223", "Type": "linux", "Second": 10, "algoritme": "convolv20_Linux", "fps": "18", "resolution": "176"}
{"ratioCalTime": "72.1223", "Type": "linux", "Second": 11, "algoritme": "convolv20_Linux", "fps": "20", "resolution": "176"}
{"ratioCalTime": "72.1223", "Type": "linux", "Second": 12, "algoritme": "convolv20_Linux", "fps": "19", "resolution": "176"}
{"ratioCalTime": "72.1223", "Type": "linux", "Second": 13, "algoritme": "convolv20_Linux", "fps": "19", "resolution": "176"}
{"ratioCalTime": "72.1223", "Type": "linux", "Second": 14, "algoritme": "convolv20_Linux", "fps": "23", "resolution": "176"}
{"ratioCalTime": "72.1223", "Type": "linux", "Second": 15, "algoritme": "convolv20_Linux", "fps": "20", "resolution": "176"}
{"ratioCalTime": "72.1223", "Type": "linux", "Second": 16, "algoritme": "convolv20_Linux", "fps": "19", "resolution": "176"}
{"ratioCalTime": "72.1223", "Type": "linux", "Second": 17, "algoritme": "convolv20_Linux", "fps": "19", "resolution": "176"}
{"ratioCalTime": "72.1223", "Type": "linux", "Second": 18, "algoritme": "convolv20_Linux", "fps": "22", "resolution": "176"}
{"ratioCalTime": "72.1223", "Type": "linux", "Second": 19, "algoritme": "convolv20_Linux", "fps": "19", "resolution": "176"}
