{"node": "tegra-ubuntu", "ratioCalTime": 68.13868006592674, "Type": "Python", "Second": 1, "algoritme": "Facedetection_python", "fps": 9, "resolution": 960}
{"node": "tegra-ubuntu", "ratioCalTime": 68.13868006592674, "Type": "Python", "Second": 2, "algoritme": "Facedetection_python", "fps": 16, "resolution": 960}
{"node": "tegra-ubuntu", "ratioCalTime": 68.13868006592674, "Type": "Python", "Second": 3, "algoritme": "Facedetection_python", "fps": 15, "resolution": 960}
{"node": "tegra-ubuntu", "ratioCalTime": 68.13868006592674, "Type": "Python", "Second": 4, "algoritme": "Facedetection_python", "fps": 15, "resolution": 960}
{"node": "tegra-ubuntu", "ratioCalTime": 68.13868006592674, "Type": "Python", "Second": 5, "algoritme": "Facedetection_python", "fps": 14, "resolution": 960}
{"node": "tegra-ubuntu", "ratioCalTime": 68.13868006592674, "Type": "Python", "Second": 6, "algoritme": "Facedetection_python", "fps": 15, "resolution": 960}
{"node": "tegra-ubuntu", "ratioCalTime": 68.13868006592674, "Type": "Python", "Second": 7, "algoritme": "Facedetection_python", "fps": 15, "resolution": 960}
{"node": "tegra-ubuntu", "ratioCalTime": 68.13868006592674, "Type": "Python", "Second": 8, "algoritme": "Facedetection_python", "fps": 15, "resolution": 960}
{"node": "tegra-ubuntu", "ratioCalTime": 68.13868006592674, "Type": "Python", "Second": 9, "algoritme": "Facedetection_python", "fps": 15, "resolution": 960}
{"node": "tegra-ubuntu", "ratioCalTime": 68.13868006592674, "Type": "Python", "Second": 10, "algoritme": "Facedetection_python", "fps": 15, "resolution": 960}
{"node": "tegra-ubuntu", "ratioCalTime": 68.13868006592674, "Type": "Python", "Second": 11, "algoritme": "Facedetection_python", "fps": 15, "resolution": 960}
{"node": "tegra-ubuntu", "ratioCalTime": 68.13868006592674, "Type": "Python", "Second": 12, "algoritme": "Facedetection_python", "fps": 15, "resolution": 960}
{"node": "tegra-ubuntu", "ratioCalTime": 68.13868006592674, "Type": "Python", "Second": 13, "algoritme": "Facedetection_python", "fps": 15, "resolution": 960}
{"node": "tegra-ubuntu", "ratioCalTime": 68.13868006592674, "Type": "Python", "Second": 14, "algoritme": "Facedetection_python", "fps": 15, "resolution": 960}
{"node": "tegra-ubuntu", "ratioCalTime": 68.13868006592674, "Type": "Python", "Second": 15, "algoritme": "Facedetection_python", "fps": 15, "resolution": 960}
{"node": "tegra-ubuntu", "ratioCalTime": 68.13868006592674, "Type": "Python", "Second": 16, "algoritme": "Facedetection_python", "fps": 15, "resolution": 960}
{"node": "tegra-ubuntu", "ratioCalTime": 68.13868006592674, "Type": "Python", "Second": 17, "algoritme": "Facedetection_python", "fps": 15, "resolution": 960}
{"node": "tegra-ubuntu", "ratioCalTime": 68.13868006592674, "Type": "Python", "Second": 18, "algoritme": "Facedetection_python", "fps": 15, "resolution": 960}
{"node": "tegra-ubuntu", "ratioCalTime": 68.13868006592674, "Type": "Python", "Second": 19, "algoritme": "Facedetection_python", "fps": 15, "resolution": 960}
