{"ratioCalTime": 12.222793184856844, "Type": "Python", "Second": 1, "algoritme": "Facedetection_python", "fps": 13, "resolution": 176}
{"ratioCalTime": 12.222793184856844, "Type": "Python", "Second": 2, "algoritme": "Facedetection_python", "fps": 23, "resolution": 176}
{"ratioCalTime": 12.222793184856844, "Type": "Python", "Second": 3, "algoritme": "Facedetection_python", "fps": 24, "resolution": 176}
{"ratioCalTime": 12.222793184856844, "Type": "Python", "Second": 4, "algoritme": "Facedetection_python", "fps": 24, "resolution": 176}
{"ratioCalTime": 12.222793184856844, "Type": "Python", "Second": 5, "algoritme": "Facedetection_python", "fps": 24, "resolution": 176}
{"ratioCalTime": 12.222793184856844, "Type": "Python", "Second": 6, "algoritme": "Facedetection_python", "fps": 25, "resolution": 176}
{"ratioCalTime": 12.222793184856844, "Type": "Python", "Second": 7, "algoritme": "Facedetection_python", "fps": 24, "resolution": 176}
{"ratioCalTime": 12.222793184856844, "Type": "Python", "Second": 8, "algoritme": "Facedetection_python", "fps": 24, "resolution": 176}
{"ratioCalTime": 12.222793184856844, "Type": "Python", "Second": 9, "algoritme": "Facedetection_python", "fps": 24, "resolution": 176}
{"ratioCalTime": 12.222793184856844, "Type": "Python", "Second": 10, "algoritme": "Facedetection_python", "fps": 24, "resolution": 176}
{"ratioCalTime": 12.222793184856844, "Type": "Python", "Second": 11, "algoritme": "Facedetection_python", "fps": 24, "resolution": 176}
{"ratioCalTime": 12.222793184856844, "Type": "Python", "Second": 12, "algoritme": "Facedetection_python", "fps": 24, "resolution": 176}
{"ratioCalTime": 12.222793184856844, "Type": "Python", "Second": 13, "algoritme": "Facedetection_python", "fps": 24, "resolution": 176}
{"ratioCalTime": 12.222793184856844, "Type": "Python", "Second": 14, "algoritme": "Facedetection_python", "fps": 24, "resolution": 176}
{"ratioCalTime": 12.222793184856844, "Type": "Python", "Second": 15, "algoritme": "Facedetection_python", "fps": 25, "resolution": 176}
{"ratioCalTime": 12.222793184856844, "Type": "Python", "Second": 16, "algoritme": "Facedetection_python", "fps": 24, "resolution": 176}
{"ratioCalTime": 12.222793184856844, "Type": "Python", "Second": 17, "algoritme": "Facedetection_python", "fps": 24, "resolution": 176}
{"ratioCalTime": 12.222793184856844, "Type": "Python", "Second": 18, "algoritme": "Facedetection_python", "fps": 24, "resolution": 176}
{"ratioCalTime": 12.222793184856844, "Type": "Python", "Second": 19, "algoritme": "Facedetection_python", "fps": 24, "resolution": 176}
{"ratioCalTime": 12.222793184856844, "Type": "Python", "Second": 20, "algoritme": "Facedetection_python", "fps": 24, "resolution": 176}
