{"ratioCalTime": "57.6479", "Type": "linux", "Second": 1, "algoritme": "facedetection_Linux", "fps": "19", "resolution": "640"}
{"ratioCalTime": "57.6479", "Type": "linux", "Second": 2, "algoritme": "facedetection_Linux", "fps": "17", "resolution": "640"}
{"ratioCalTime": "57.6479", "Type": "linux", "Second": 3, "algoritme": "facedetection_Linux", "fps": "17", "resolution": "640"}
{"ratioCalTime": "57.6479", "Type": "linux", "Second": 4, "algoritme": "facedetection_Linux", "fps": "17", "resolution": "640"}
{"ratioCalTime": "57.6479", "Type": "linux", "Second": 5, "algoritme": "facedetection_Linux", "fps": "19", "resolution": "640"}
{"ratioCalTime": "57.6479", "Type": "linux", "Second": 6, "algoritme": "facedetection_Linux", "fps": "23", "resolution": "640"}
{"ratioCalTime": "57.6479", "Type": "linux", "Second": 7, "algoritme": "facedetection_Linux", "fps": "24", "resolution": "640"}
{"ratioCalTime": "57.6479", "Type": "linux", "Second": 8, "algoritme": "facedetection_Linux", "fps": "24", "resolution": "640"}
{"ratioCalTime": "57.6479", "Type": "linux", "Second": 9, "algoritme": "facedetection_Linux", "fps": "24", "resolution": "640"}
{"ratioCalTime": "57.6479", "Type": "linux", "Second": 10, "algoritme": "facedetection_Linux", "fps": "23", "resolution": "640"}
{"ratioCalTime": "57.6479", "Type": "linux", "Second": 11, "algoritme": "facedetection_Linux", "fps": "24", "resolution": "640"}
{"ratioCalTime": "57.6479", "Type": "linux", "Second": 12, "algoritme": "facedetection_Linux", "fps": "23", "resolution": "640"}
{"ratioCalTime": "57.6479", "Type": "linux", "Second": 13, "algoritme": "facedetection_Linux", "fps": "23", "resolution": "640"}
{"ratioCalTime": "57.6479", "Type": "linux", "Second": 14, "algoritme": "facedetection_Linux", "fps": "24", "resolution": "640"}
{"ratioCalTime": "57.6479", "Type": "linux", "Second": 15, "algoritme": "facedetection_Linux", "fps": "23", "resolution": "640"}
{"ratioCalTime": "57.6479", "Type": "linux", "Second": 16, "algoritme": "facedetection_Linux", "fps": "24", "resolution": "640"}
{"ratioCalTime": "57.6479", "Type": "linux", "Second": 17, "algoritme": "facedetection_Linux", "fps": "24", "resolution": "640"}
{"ratioCalTime": "57.6479", "Type": "linux", "Second": 18, "algoritme": "facedetection_Linux", "fps": "23", "resolution": "640"}
{"ratioCalTime": "57.6479", "Type": "linux", "Second": 19, "algoritme": "facedetection_Linux", "fps": "23", "resolution": "640"}
