{"ratioCalTime": "57.9462", "Type": "linux", "Second": 1, "algoritme": "pixeltransform_Linux", "fps": "11", "resolution": "960"}
{"ratioCalTime": "57.9462", "Type": "linux", "Second": 2, "algoritme": "pixeltransform_Linux", "fps": "11", "resolution": "960"}
{"ratioCalTime": "57.9462", "Type": "linux", "Second": 3, "algoritme": "pixeltransform_Linux", "fps": "10", "resolution": "960"}
{"ratioCalTime": "57.9462", "Type": "linux", "Second": 4, "algoritme": "pixeltransform_Linux", "fps": "11", "resolution": "960"}
{"ratioCalTime": "57.9462", "Type": "linux", "Second": 5, "algoritme": "pixeltransform_Linux", "fps": "10", "resolution": "960"}
{"ratioCalTime": "57.9462", "Type": "linux", "Second": 6, "algoritme": "pixeltransform_Linux", "fps": "11", "resolution": "960"}
{"ratioCalTime": "57.9462", "Type": "linux", "Second": 7, "algoritme": "pixeltransform_Linux", "fps": "11", "resolution": "960"}
{"ratioCalTime": "57.9462", "Type": "linux", "Second": 8, "algoritme": "pixeltransform_Linux", "fps": "10", "resolution": "960"}
{"ratioCalTime": "57.9462", "Type": "linux", "Second": 9, "algoritme": "pixeltransform_Linux", "fps": "11", "resolution": "960"}
{"ratioCalTime": "57.9462", "Type": "linux", "Second": 10, "algoritme": "pixeltransform_Linux", "fps": "10", "resolution": "960"}
{"ratioCalTime": "57.9462", "Type": "linux", "Second": 11, "algoritme": "pixeltransform_Linux", "fps": "11", "resolution": "960"}
{"ratioCalTime": "57.9462", "Type": "linux", "Second": 12, "algoritme": "pixeltransform_Linux", "fps": "10", "resolution": "960"}
{"ratioCalTime": "57.9462", "Type": "linux", "Second": 13, "algoritme": "pixeltransform_Linux", "fps": "11", "resolution": "960"}
{"ratioCalTime": "57.9462", "Type": "linux", "Second": 14, "algoritme": "pixeltransform_Linux", "fps": "11", "resolution": "960"}
{"ratioCalTime": "57.9462", "Type": "linux", "Second": 15, "algoritme": "pixeltransform_Linux", "fps": "10", "resolution": "960"}
{"ratioCalTime": "57.9462", "Type": "linux", "Second": 16, "algoritme": "pixeltransform_Linux", "fps": "11", "resolution": "960"}
{"ratioCalTime": "57.9462", "Type": "linux", "Second": 17, "algoritme": "pixeltransform_Linux", "fps": "10", "resolution": "960"}
{"ratioCalTime": "57.9462", "Type": "linux", "Second": 18, "algoritme": "pixeltransform_Linux", "fps": "11", "resolution": "960"}
{"ratioCalTime": "57.9462", "Type": "linux", "Second": 19, "algoritme": "pixeltransform_Linux", "fps": "11", "resolution": "960"}
