{"node": "odroid", "ratioCalTime": 96.79370395611615, "Type": "Python", "Second": 1, "algoritme": "pixeltransform", "fps": 1, "resolution": 320}
{"node": "odroid", "ratioCalTime": 96.79370395611615, "Type": "Python", "Second": 2, "algoritme": "pixeltransform", "fps": 1, "resolution": 320}
{"node": "odroid", "ratioCalTime": 96.79370395611615, "Type": "Python", "Second": 3, "algoritme": "pixeltransform", "fps": 1, "resolution": 320}
{"node": "odroid", "ratioCalTime": 96.79370395611615, "Type": "Python", "Second": 4, "algoritme": "pixeltransform", "fps": 1, "resolution": 320}
{"node": "odroid", "ratioCalTime": 96.79370395611615, "Type": "Python", "Second": 5, "algoritme": "pixeltransform", "fps": 1, "resolution": 320}
{"node": "odroid", "ratioCalTime": 96.79370395611615, "Type": "Python", "Second": 6, "algoritme": "pixeltransform", "fps": 1, "resolution": 320}
{"node": "odroid", "ratioCalTime": 96.79370395611615, "Type": "Python", "Second": 7, "algoritme": "pixeltransform", "fps": 1, "resolution": 320}
