{"node": "udoo", "ratioCalTime": 97.87134406907231, "Type": "Python", "Second": 1, "algoritme": "pixeltransform", "fps": 1, "resolution": 176}
{"node": "udoo", "ratioCalTime": 97.87134406907231, "Type": "Python", "Second": 2, "algoritme": "pixeltransform", "fps": 1, "resolution": 176}
{"node": "udoo", "ratioCalTime": 97.87134406907231, "Type": "Python", "Second": 3, "algoritme": "pixeltransform", "fps": 1, "resolution": 176}
{"node": "udoo", "ratioCalTime": 97.87134406907231, "Type": "Python", "Second": 4, "algoritme": "pixeltransform", "fps": 1, "resolution": 176}
{"node": "udoo", "ratioCalTime": 97.87134406907231, "Type": "Python", "Second": 5, "algoritme": "pixeltransform", "fps": 1, "resolution": 176}
{"node": "udoo", "ratioCalTime": 97.87134406907231, "Type": "Python", "Second": 6, "algoritme": "pixeltransform", "fps": 1, "resolution": 176}
