{"ratioCalTime": 78.47388039458136, "Type": "Python", "Second": 1, "algoritme": "Facedetection_python", "fps": 5, "resolution": 960}
{"ratioCalTime": 78.47388039458136, "Type": "Python", "Second": 2, "algoritme": "Facedetection_python", "fps": 9, "resolution": 960}
{"ratioCalTime": 78.47388039458136, "Type": "Python", "Second": 3, "algoritme": "Facedetection_python", "fps": 9, "resolution": 960}
{"ratioCalTime": 78.47388039458136, "Type": "Python", "Second": 4, "algoritme": "Facedetection_python", "fps": 9, "resolution": 960}
{"ratioCalTime": 78.47388039458136, "Type": "Python", "Second": 5, "algoritme": "Facedetection_python", "fps": 9, "resolution": 960}
{"ratioCalTime": 78.47388039458136, "Type": "Python", "Second": 6, "algoritme": "Facedetection_python", "fps": 9, "resolution": 960}
{"ratioCalTime": 78.47388039458136, "Type": "Python", "Second": 7, "algoritme": "Facedetection_python", "fps": 9, "resolution": 960}
{"ratioCalTime": 78.47388039458136, "Type": "Python", "Second": 8, "algoritme": "Facedetection_python", "fps": 9, "resolution": 960}
{"ratioCalTime": 78.47388039458136, "Type": "Python", "Second": 9, "algoritme": "Facedetection_python", "fps": 9, "resolution": 960}
{"ratioCalTime": 78.47388039458136, "Type": "Python", "Second": 10, "algoritme": "Facedetection_python", "fps": 9, "resolution": 960}
{"ratioCalTime": 78.47388039458136, "Type": "Python", "Second": 11, "algoritme": "Facedetection_python", "fps": 9, "resolution": 960}
{"ratioCalTime": 78.47388039458136, "Type": "Python", "Second": 12, "algoritme": "Facedetection_python", "fps": 10, "resolution": 960}
{"ratioCalTime": 78.47388039458136, "Type": "Python", "Second": 13, "algoritme": "Facedetection_python", "fps": 9, "resolution": 960}
{"ratioCalTime": 78.47388039458136, "Type": "Python", "Second": 14, "algoritme": "Facedetection_python", "fps": 9, "resolution": 960}
{"ratioCalTime": 78.47388039458136, "Type": "Python", "Second": 15, "algoritme": "Facedetection_python", "fps": 9, "resolution": 960}
{"ratioCalTime": 78.47388039458136, "Type": "Python", "Second": 16, "algoritme": "Facedetection_python", "fps": 9, "resolution": 960}
{"ratioCalTime": 78.47388039458136, "Type": "Python", "Second": 17, "algoritme": "Facedetection_python", "fps": 9, "resolution": 960}
{"ratioCalTime": 78.47388039458136, "Type": "Python", "Second": 18, "algoritme": "Facedetection_python", "fps": 9, "resolution": 960}
{"ratioCalTime": 78.47388039458136, "Type": "Python", "Second": 19, "algoritme": "Facedetection_python", "fps": 9, "resolution": 960}
