{"node": "tegra-ubuntu", "ratioCalTime": 89.61835251832892, "Type": "Python", "Second": 1, "algoritme": "Convolution20_python", "fps": 8, "resolution": 640}
{"node": "tegra-ubuntu", "ratioCalTime": 89.61835251832892, "Type": "Python", "Second": 2, "algoritme": "Convolution20_python", "fps": 13, "resolution": 640}
{"node": "tegra-ubuntu", "ratioCalTime": 89.61835251832892, "Type": "Python", "Second": 3, "algoritme": "Convolution20_python", "fps": 12, "resolution": 640}
{"node": "tegra-ubuntu", "ratioCalTime": 89.61835251832892, "Type": "Python", "Second": 4, "algoritme": "Convolution20_python", "fps": 12, "resolution": 640}
{"node": "tegra-ubuntu", "ratioCalTime": 89.61835251832892, "Type": "Python", "Second": 5, "algoritme": "Convolution20_python", "fps": 12, "resolution": 640}
{"node": "tegra-ubuntu", "ratioCalTime": 89.61835251832892, "Type": "Python", "Second": 6, "algoritme": "Convolution20_python", "fps": 12, "resolution": 640}
{"node": "tegra-ubuntu", "ratioCalTime": 89.61835251832892, "Type": "Python", "Second": 7, "algoritme": "Convolution20_python", "fps": 12, "resolution": 640}
{"node": "tegra-ubuntu", "ratioCalTime": 89.61835251832892, "Type": "Python", "Second": 8, "algoritme": "Convolution20_python", "fps": 12, "resolution": 640}
{"node": "tegra-ubuntu", "ratioCalTime": 89.61835251832892, "Type": "Python", "Second": 9, "algoritme": "Convolution20_python", "fps": 12, "resolution": 640}
{"node": "tegra-ubuntu", "ratioCalTime": 89.61835251832892, "Type": "Python", "Second": 10, "algoritme": "Convolution20_python", "fps": 13, "resolution": 640}
{"node": "tegra-ubuntu", "ratioCalTime": 89.61835251832892, "Type": "Python", "Second": 11, "algoritme": "Convolution20_python", "fps": 12, "resolution": 640}
{"node": "tegra-ubuntu", "ratioCalTime": 89.61835251832892, "Type": "Python", "Second": 12, "algoritme": "Convolution20_python", "fps": 12, "resolution": 640}
{"node": "tegra-ubuntu", "ratioCalTime": 89.61835251832892, "Type": "Python", "Second": 13, "algoritme": "Convolution20_python", "fps": 13, "resolution": 640}
{"node": "tegra-ubuntu", "ratioCalTime": 89.61835251832892, "Type": "Python", "Second": 14, "algoritme": "Convolution20_python", "fps": 12, "resolution": 640}
{"node": "tegra-ubuntu", "ratioCalTime": 89.61835251832892, "Type": "Python", "Second": 15, "algoritme": "Convolution20_python", "fps": 13, "resolution": 640}
{"node": "tegra-ubuntu", "ratioCalTime": 89.61835251832892, "Type": "Python", "Second": 16, "algoritme": "Convolution20_python", "fps": 12, "resolution": 640}
{"node": "tegra-ubuntu", "ratioCalTime": 89.61835251832892, "Type": "Python", "Second": 17, "algoritme": "Convolution20_python", "fps": 13, "resolution": 640}
{"node": "tegra-ubuntu", "ratioCalTime": 89.61835251832892, "Type": "Python", "Second": 18, "algoritme": "Convolution20_python", "fps": 13, "resolution": 640}
{"node": "tegra-ubuntu", "ratioCalTime": 89.61835251832892, "Type": "Python", "Second": 19, "algoritme": "Convolution20_python", "fps": 12, "resolution": 640}
